user_age_group,origin_platform,posts,unique_terms
18-24,TikTok,97215,26
13-17,TikTok,69691,26
25-30,TikTok,55785,26
18-24,Twitter,44290,10
31-40,TikTok,33161,26
13-17,Twitter,31640,10
25-30,Twitter,25603,10
41+,TikTok,22176,26
31-40,Twitter,15284,10
18-24,Reddit,14509,3
18-24,YouTube,13508,3
18-24,Twitch,12297,3
13-17,Reddit,10272,3
41+,Twitter,10035,10
13-17,YouTube,9597,3
13-17,Twitch,8851,3
25-30,Reddit,8422,3
25-30,YouTube,7519,3
25-30,Twitch,7077,3
18-24,Instagram,5445,1
31-40,Reddit,5015,3
31-40,YouTube,4643,3
31-40,Twitch,4369,3
13-17,Instagram,3785,1
41+,Reddit,3285,3
41+,YouTube,3100,3
25-30,Instagram,3015,1
41+,Twitch,2851,3
31-40,Instagram,1785,1
41+,Instagram,1171,1
