region,origin_platform,posts,unique_terms
California,TikTok,33292,26
New York,TikTok,27781,26
Texas,TikTok,25176,26
UK,TikTok,22086,26
Florida,TikTok,19486,26
California,Twitter,15163,10
Illinois,TikTok,14130,26
Canada,TikTok,13850,26
India,TikTok,13754,26
New York,Twitter,12530,10
Texas,Twitter,11422,10
Australia,TikTok,11381,26
Georgia,TikTok,11089,26
Pennsylvania,TikTok,10971,26
UK,Twitter,10336,10
Florida,Twitter,8877,10
Michigan,TikTok,8565,26
Ohio,TikTok,8323,26
Philippines,TikTok,8295,26
Washington,TikTok,8242,26
Brazil,TikTok,8182,26
Illinois,Twitter,6422,10
India,Twitter,6314,10
Canada,Twitter,6219,10
Arizona,TikTok,5668,26
Germany,TikTok,5616,26
Mexico,TikTok,5606,26
Nigeria,TikTok,5558,26
Colorado,TikTok,5518,26
South Africa,TikTok,5459,26
Pennsylvania,Twitter,5142,10
Georgia,Twitter,5067,10
Australia,Twitter,4963,10
California,Reddit,4923,3
California,YouTube,4598,3
California,Twitch,4277,3
New York,Reddit,4039,3
New York,YouTube,3906,3
Ohio,Twitter,3846,10
Washington,Twitter,3832,10
Brazil,Twitter,3818,10
Philippines,Twitter,3793,10
Michigan,Twitter,3784,10
Texas,Reddit,3779,3
New York,Twitch,3544,3
Texas,YouTube,3422,3
UK,Reddit,3281,3
Texas,Twitch,3165,3
UK,YouTube,2989,3
Florida,Reddit,2939,3
UK,Twitch,2825,3
Florida,YouTube,2707,3
South Africa,Twitter,2610,10
Germany,Twitter,2578,10
Nigeria,Twitter,2565,10
Mexico,Twitter,2541,10
Arizona,Twitter,2535,10
Colorado,Twitter,2495,10
Florida,Twitch,2439,3
Illinois,Reddit,2199,3
India,Reddit,2087,3
Canada,Reddit,2052,3
Canada,YouTube,1946,3
India,YouTube,1917,3
Illinois,YouTube,1911,3
India,Twitch,1865,3
Canada,Twitch,1814,3
California,Instagram,1794,1
Illinois,Twitch,1751,3
Georgia,Reddit,1688,3
Australia,Reddit,1681,3
Pennsylvania,Reddit,1625,3
Australia,YouTube,1617,3
Pennsylvania,YouTube,1531,3
Georgia,YouTube,1480,3
New York,Instagram,1472,1
Georgia,Twitch,1441,3
Pennsylvania,Twitch,1382,3
Australia,Twitch,1360,3
Texas,Instagram,1315,1
Ohio,Reddit,1276,3
Philippines,Reddit,1269,3
UK,Instagram,1246,1
Washington,Reddit,1241,3
Michigan,Reddit,1231,3
Brazil,Reddit,1229,3
Brazil,YouTube,1185,3
Washington,YouTube,1180,3
Philippines,YouTube,1155,3
Ohio,YouTube,1119,3
Michigan,Twitch,1117,3
Washington,Twitch,1103,3
Michigan,YouTube,1103,3
Florida,Instagram,1102,1
Ohio,Twitch,1066,3
Philippines,Twitch,1052,3
Brazil,Twitch,1035,3
Colorado,Reddit,846,3
Nigeria,Reddit,841,3
Germany,Reddit,832,3
Mexico,Reddit,821,3
Arizona,Reddit,817,3
South Africa,Reddit,807,3
Germany,YouTube,801,3
India,Instagram,790,1
Nigeria,YouTube,782,3
Mexico,YouTube,766,3
Colorado,YouTube,766,3
Arizona,YouTube,758,3
South Africa,Twitch,752,3
Illinois,Instagram,746,1
Canada,Instagram,743,1
South Africa,YouTube,728,3
Nigeria,Twitch,727,3
Colorado,Twitch,712,3
Arizona,Twitch,684,3
Germany,Twitch,678,3
Mexico,Twitch,656,3
Pennsylvania,Instagram,641,1
Australia,Instagram,634,1
Georgia,Instagram,630,1
Ohio,Instagram,480,1
Washington,Instagram,463,1
Brazil,Instagram,438,1
Michigan,Instagram,431,1
Philippines,Instagram,409,1
Arizona,Instagram,330,1
South Africa,Instagram,321,1
Nigeria,Instagram,311,1
Colorado,Instagram,306,1
Germany,Instagram,301,1
Mexico,Instagram,298,1
