term_category,usage_platform,posts,unique_terms
approval,TikTok,37235,7
approval,Twitter,28844,7
insult,TikTok,27439,6
identity,TikTok,26822,5
humor,TikTok,23049,6
approval,Reddit,16101,7
appearance,TikTok,14356,4
insult,Twitter,14069,6
approval,Instagram,13453,7
reaction,TikTok,13299,3
emotion,Twitter,12722,2
dating,TikTok,11675,2
emphasis,Twitter,10975,2
appearance,Instagram,9558,4
behavior,TikTok,9193,2
attraction,TikTok,9187,1
manipulation,TikTok,9077,1
identity,Twitter,9060,5
insult,Instagram,9004,6
insult,Reddit,8644,6
identity,YouTube,7849,5
behavior,Twitter,7430,2
humor,Twitter,7397,6
identity,Instagram,7217,5
description,TikTok,7046,1
emotion,TikTok,6864,2
insult,Twitch,6420,6
appearance,Twitter,6073,4
humor,Instagram,5991,6
approval,YouTube,5915,7
emphasis,TikTok,5866,2
social,TikTok,5504,1
appearance,YouTube,5124,4
exposure,Twitter,4855,1
reaction,Twitter,4651,3
meme,YouTube,4535,1
humor,Twitch,4413,6
identity,Reddit,4106,5
insult,YouTube,4002,6
reaction,Twitch,3991,3
reaction,Instagram,3818,3
emotion,Instagram,3513,2
humor,Reddit,3297,6
dating,Twitter,3281,2
meme,TikTok,3204,1
emphasis,Instagram,3080,2
approval,Twitch,3071,7
behavior,Instagram,3044,2
appearance,Reddit,2864,4
dating,Instagram,2706,2
humor,YouTube,2637,6
manipulation,Twitter,2598,1
exposure,TikTok,2558,1
attraction,Twitter,2546,1
approval,Discord,2282,7
food,TikTok,2264,1
reaction,Reddit,2149,3
manipulation,Instagram,2146,1
attraction,Instagram,2097,1
meme,Twitter,1984,1
emotion,Reddit,1977,2
description,Twitter,1970,1
reaction,YouTube,1751,3
emphasis,Reddit,1677,2
behavior,Reddit,1653,2
identity,Twitch,1648,5
description,Instagram,1635,1
meme,Instagram,1594,1
insult,Discord,1538,6
emotion,YouTube,1536,2
social,Twitter,1536,1
dating,Reddit,1437,2
emphasis,YouTube,1366,2
behavior,YouTube,1358,2
exposure,Instagram,1343,1
dating,YouTube,1216,2
social,Instagram,1212,1
manipulation,Reddit,1195,1
attraction,Reddit,1180,1
identity,Discord,1147,5
appearance,Twitch,1057,4
humor,Discord,1005,6
meme,Reddit,970,1
attraction,YouTube,963,1
manipulation,YouTube,942,1
description,Reddit,906,1
emotion,Twitch,797,2
appearance,Discord,765,4
description,YouTube,751,1
exposure,Reddit,723,1
behavior,Twitch,712,2
social,Reddit,698,1
emphasis,Twitch,662,2
reaction,Discord,645,3
food,Twitter,626,1
emotion,Discord,612,2
dating,Twitch,598,2
exposure,YouTube,597,1
social,YouTube,559,1
food,Instagram,555,1
emphasis,Discord,521,2
behavior,Discord,513,2
attraction,Twitch,464,1
manipulation,Twitch,445,1
dating,Discord,408,2
description,Twitch,365,1
meme,Twitch,365,1
manipulation,Discord,363,1
attraction,Discord,345,1
food,Reddit,341,1
description,Discord,288,1
exposure,Twitch,286,1
social,Twitch,282,1
meme,Discord,278,1
food,YouTube,235,1
exposure,Discord,234,1
social,Discord,203,1
food,Twitch,116,1
food,Discord,82,1
