term_category,origin_platform,posts,unique_terms
identity,TikTok,42219,4
approval,Twitter,40833,3
humor,TikTok,37554,5
approval,TikTok,36655,2
insult,TikTok,33627,3
approval,Reddit,29413,2
emotion,Twitter,28021,2
emphasis,Twitter,24147,2
dating,TikTok,21321,2
reaction,TikTok,19736,2
attraction,TikTok,16782,1
manipulation,TikTok,16766,1
identity,YouTube,15630,1
appearance,Instagram,15201,1
appearance,TikTok,14789,2
insult,Twitch,14642,1
description,TikTok,12961,1
meme,YouTube,12930,1
behavior,Twitter,12498,1
insult,Reddit,12090,1
behavior,TikTok,11405,1
insult,Twitter,10757,1
exposure,Twitter,10596,1
reaction,Twitch,10568,1
humor,Twitch,10235,1
social,TikTok,9994,1
appearance,YouTube,9807,1
food,TikTok,4219,1
