month,slang_term,posts,avg_sentiment_score,avg_virality_score
2022-05,NPC,117,-0.2757777777777778,0.001700854700854701
2022-06,NPC,168,-0.3254642857142857,0.0031190476190476194
2022-07,NPC,215,-0.34893023255813954,0.003702325581395349
2022-08,NPC,289,-0.37444982698961937,0.005387543252595156
2022-09,NPC,284,-0.34561971830985916,0.005225352112676056
2022-10,NPC,386,-0.3584740932642487,0.007033678756476683
2022-11,NPC,397,-0.36835768261964735,0.00841057934508816
2022-12,NPC,474,-0.3576118143459916,0.008518987341772153
2023-01,NPC,533,-0.3655028142589118,0.009151969981238274
2023-02,NPC,544,-0.3485845588235294,0.011244485294117647
2023-03,NPC,584,-0.3717859589041096,0.01193664383561644
2023-04,NPC,583,-0.3176620926243568,0.01197427101200686
2023-05,NPC,548,-0.34053284671532846,0.016286496350364964
2023-06,NPC,499,-0.35646492985971945,0.014901803607214428
2023-07,NPC,594,-0.3602693602693603,0.01938383838383838
2023-08,NPC,554,-0.36990974729241877,0.017119133574007222
2023-09,NPC,608,-0.40504769736842106,0.014881578947368421
2023-10,NPC,569,-0.3533286467486819,0.01486115992970123
2023-11,NPC,556,-0.33720863309352517,0.013877697841726619
2023-12,NPC,592,-0.37191047297297297,0.014844594594594595
2024-01,NPC,539,-0.31423747680890535,0.012706864564007422
2024-02,NPC,539,-0.3489536178107607,0.010571428571428572
2024-03,NPC,548,-0.3371551094890511,0.011275547445255475
2024-04,NPC,527,-0.36100189753320683,0.00989753320683112
2024-05,NPC,500,-0.31252199999999997,0.00829
2024-06,NPC,426,-0.35089906103286383,0.00814319248826291
2024-07,NPC,422,-0.3371635071090047,0.007462085308056872
2024-08,NPC,382,-0.3806492146596858,0.00643979057591623
2024-09,NPC,308,-0.33216883116883117,0.005561688311688312
2024-10,NPC,267,-0.32800749063670415,0.0045767790262172285
2024-11,NPC,129,-0.33861240310077517,0.0019302325581395348
2024-12,NPC,125,-0.36987200000000003,0.002096
2025-01,NPC,103,-0.3028640776699029,0.0018446601941747574
2025-02,NPC,105,-0.32963809523809523,0.0014666666666666667
2025-03,NPC,95,-0.332178947368421,0.0018105263157894738
2025-04,NPC,85,-0.3295411764705882,0.0011647058823529412
2023-08,Roman Empire,277,0.3330613718411552,0.0054187725631768945
2023-09,Roman Empire,574,0.3572595818815331,0.012019163763066202
2023-10,Roman Empire,543,0.3210055248618785,0.015351749539594844
2023-11,Roman Empire,528,0.3088617424242424,0.014443181818181819
2023-12,Roman Empire,483,0.2573768115942029,0.008465838509316771
2024-01,Roman Empire,326,0.29053067484662576,0.006420245398773006
2024-02,Roman Empire,125,0.27166399999999996,0.002144
2024-03,Roman Empire,103,0.39436893203883494,0.0018640776699029127
2024-04,Roman Empire,116,0.31517241379310346,0.0018189655172413791
2024-05,Roman Empire,95,0.33227368421052633,0.0017157894736842107
2024-06,Roman Empire,83,0.26477108433734936,0.0010843373493975904
2024-07,Roman Empire,75,0.20841333333333334,0.0012933333333333334
2021-05,ate,131,0.5014198473282443,0.001198473282442748
2021-06,ate,171,0.5123625730994152,0.0022105263157894735
2021-07,ate,249,0.494574297188755,0.002967871485943775
2021-08,ate,281,0.49553736654804276,0.004245551601423488
2021-09,ate,334,0.4694461077844311,0.005434131736526946
2021-10,ate,423,0.46242789598108747,0.006040189125295509
2021-11,ate,459,0.4694400871459695,0.006455337690631808
2021-12,ate,495,0.4547292929292929,0.007632323232323233
2022-01,ate,571,0.4975271453590193,0.007609457092819614
2022-02,ate,552,0.4693550724637681,0.00958876811594203
2022-03,ate,604,0.4754718543046358,0.01218046357615894
2022-04,ate,566,0.4542491166077739,0.010710247349823322
2022-05,ate,588,0.4501870748299319,0.01136734693877551
2022-06,ate,559,0.48045617173524147,0.013386404293381038
2022-07,ate,565,0.4606283185840708,0.012235398230088497
2022-08,ate,564,0.4743191489361702,0.013962765957446808
2022-09,ate,567,0.442015873015873,0.012261022927689593
2022-10,ate,573,0.48024956369982547,0.010626527050610821
2022-11,ate,585,0.46455042735042734,0.010353846153846154
2022-12,ate,571,0.44248511383537653,0.010243432574430824
2023-01,ate,538,0.45369702602230483,0.009171003717472119
2023-02,ate,487,0.4660431211498973,0.01201848049281314
2023-03,ate,496,0.42365322580645165,0.009028225806451613
2023-04,ate,535,0.4217943925233645,0.008211214953271028
2023-05,ate,519,0.45039884393063584,0.007759152215799615
2023-06,ate,475,0.43869473684210525,0.007277894736842105
2023-07,ate,458,0.440410480349345,0.007185589519650655
2023-08,ate,426,0.41300234741784037,0.005877934272300469
2023-09,ate,384,0.4532161458333333,0.005440104166666667
2023-10,ate,376,0.4664175531914893,0.004984042553191489
2023-11,ate,332,0.40289156626506023,0.004668674698795181
2023-12,ate,309,0.4147831715210356,0.003954692556634304
2024-01,ate,273,0.4352197802197802,0.003860805860805861
2024-02,ate,127,0.5253307086614173,0.0014488188976377952
2024-03,ate,110,0.4074,0.0011636363636363637
2024-04,ate,97,0.48481443298969074,0.00111340206185567
2024-05,ate,102,0.44599999999999995,0.001107843137254902
2024-06,ate,98,0.43739795918367347,0.0009591836734693877
2024-07,ate,76,0.45961842105263156,0.0006842105263157895
2024-06,aura,118,0.2379406779661017,0.001771186440677966
2024-07,aura,194,0.2649587628865979,0.0032886597938144332
2024-08,aura,308,0.24866233766233764,0.005902597402597403
2024-09,aura,314,0.29982165605095545,0.007646496815286624
2024-10,aura,395,0.2819620253164557,0.007367088607594937
2024-11,aura,500,0.278588,0.009986
2024-12,aura,612,0.28740032679738564,0.010960784313725491
2025-01,aura,581,0.27547332185886403,0.012877796901893288
2025-02,aura,498,0.2957168674698795,0.013242971887550201
2025-03,aura,566,0.2605353356890459,0.01848939929328622
2025-04,aura,557,0.27004488330341114,0.01675942549371634
2025-05,aura,578,0.25718339100346016,0.01711072664359862
2025-06,aura,541,0.28244362292051756,0.014724584103512016
2025-07,aura,608,0.27426151315789477,0.01533388157894737
2025-08,aura,517,0.2654796905222437,0.015179883945841393
2025-09,aura,557,0.2948402154398564,0.013429084380610414
2025-10,aura,590,0.1951220338983051,0.014515254237288135
2025-11,aura,546,0.2878901098901099,0.010192307692307693
2025-12,aura,534,0.22885393258426967,0.009625468164794006
2020-09,based,92,0.4488695652173913,0.0012934782608695653
2020-10,based,144,0.5267638888888889,0.0016180555555555557
2020-11,based,172,0.47054651162790695,0.0023953488372093026
2020-12,based,229,0.4772838427947598,0.00288646288209607
2021-01,based,267,0.44877528089887636,0.003295880149812734
2021-02,based,282,0.48519148936170214,0.0042624113475177305
2021-03,based,326,0.5081840490797547,0.004567484662576687
2021-04,based,376,0.48806648936170216,0.007513297872340426
2021-05,based,392,0.47773724489795916,0.005607142857142857
2021-06,based,429,0.466941724941725,0.008981351981351983
2021-07,based,464,0.4509073275862069,0.007629310344827586
2021-08,based,563,0.46015985790408526,0.00736056838365897
2021-09,based,532,0.46970112781954887,0.008364661654135339
2021-10,based,575,0.46362086956521736,0.007412173913043479
2021-11,based,558,0.4500286738351254,0.008405017921146955
2021-12,based,611,0.4428887070376432,0.00855810147299509
2022-01,based,580,0.4858068965517241,0.011679310344827587
2022-02,based,556,0.510386690647482,0.010922661870503598
2022-03,based,587,0.4684838160136286,0.012379897785349234
2022-04,based,498,0.4764859437751004,0.010686746987951808
2022-05,based,611,0.4331325695581015,0.012454991816693945
2022-06,based,608,0.4702713815789474,0.011240131578947368
2022-07,based,575,0.43968,0.012036521739130435
2022-08,based,537,0.4362290502793296,0.010445065176908751
2022-09,based,533,0.4712363977485929,0.01
2022-10,based,614,0.4248273615635179,0.009789902280130294
2022-11,based,538,0.4271375464684015,0.008828996282527882
2022-12,based,567,0.4453774250440917,0.008506172839506174
2023-01,based,599,0.44200333889816357,0.009846410684474123
2023-02,based,511,0.41811741682974557,0.008305283757338551
2023-03,based,552,0.4288985507246377,0.008626811594202899
2023-04,based,515,0.4160621359223301,0.006607766990291262
2023-05,based,492,0.4266991869918699,0.006172764227642276
2023-06,based,441,0.4356621315192744,0.006063492063492063
2023-07,based,390,0.45849743589743586,0.004946153846153847
2023-08,based,427,0.4382201405152225,0.005124121779859485
2023-09,based,338,0.44792011834319523,0.004899408284023668
2023-10,based,329,0.41199392097264437,0.007513677811550152
2023-11,based,297,0.4317542087542087,0.003898989898989899
2023-12,based,266,0.43294736842105264,0.0033345864661654136
2024-01,based,126,0.41193650793650793,0.0011666666666666665
2024-02,based,96,0.4544270833333333,0.0011354166666666667
2024-03,based,89,0.5336741573033708,0.0011123595505617978
2024-04,based,91,0.48627472527472526,0.0008901098901098901
2024-05,based,96,0.3955208333333333,0.0008958333333333334
2024-06,based,70,0.4577428571428572,0.0008714285714285714
2023-03,beige flag,140,0.046914285714285714,0.004142857142857143
2023-04,beige flag,268,0.09357089552238805,0.005470149253731343
2023-05,beige flag,415,0.10485060240963855,0.00806987951807229
2023-06,beige flag,513,0.061723196881091624,0.009955165692007798
2023-07,beige flag,601,0.06448086522462562,0.012760399334442596
2023-08,beige flag,593,0.09876053962900505,0.014284991568296795
2023-09,beige flag,584,0.05440068493150685,0.015547945205479452
2023-10,beige flag,586,0.05387372013651877,0.01585494880546075
2023-11,beige flag,581,0.10473838209982789,0.013082616179001721
2023-12,beige flag,564,0.06040425531914893,0.012093971631205673
2024-01,beige flag,556,0.051208633093525184,0.012260791366906476
2024-02,beige flag,490,0.10574285714285714,0.010006122448979592
2024-03,beige flag,499,0.02511623246492986,0.010561122244488977
2024-04,beige flag,424,0.0850943396226415,0.008297169811320755
2024-05,beige flag,380,0.015605263157894737,0.007252631578947368
2024-06,beige flag,348,0.10924712643678161,0.0063678160919540235
2024-07,beige flag,279,0.032641577060931896,0.004673835125448029
2024-08,beige flag,114,-0.05478070175438596,0.0019122807017543859
2024-09,beige flag,114,0.09453508771929824,0.001587719298245614
2024-10,beige flag,101,0.1272970297029703,0.0018712871287128712
2024-11,beige flag,94,0.05428723404255319,0.0014574468085106385
2024-12,beige flag,96,0.0395,0.0013437500000000001
2025-01,beige flag,70,0.11965714285714285,0.001042857142857143
2023-06,brain rot,103,0.31468932038834946,0.001980582524271845
2023-07,brain rot,174,0.3455804597701149,0.0031724137931034486
2023-08,brain rot,232,0.2878060344827586,0.004344827586206896
2023-09,brain rot,277,0.32587364620938625,0.004693140794223827
2023-10,brain rot,310,0.3406064516129032,0.005658064516129032
2023-11,brain rot,384,0.3732682291666667,0.007484375000000001
2023-12,brain rot,419,0.3287661097852028,0.009336515513126491
2024-01,brain rot,485,0.3615670103092784,0.0096
2024-02,brain rot,533,0.3126829268292683,0.010799249530956848
2024-03,brain rot,561,0.33619964349376114,0.010850267379679144
2024-04,brain rot,572,0.3636223776223776,0.011536713286713287
2024-05,brain rot,560,0.38532500000000003,0.013682142857142856
2024-06,brain rot,549,0.31616757741347906,0.014273224043715848
2024-07,brain rot,572,0.3361993006993007,0.01639160839160839
2024-08,brain rot,588,0.31014115646258505,0.01583673469387755
2024-09,brain rot,555,0.3481567567567568,0.017351351351351352
2024-10,brain rot,572,0.33191783216783216,0.015984265734265736
2024-11,brain rot,584,0.3419571917808219,0.013869863013698629
2024-12,brain rot,577,0.3525580589254766,0.014372616984402078
2025-01,brain rot,561,0.33626916221033865,0.01279144385026738
2025-02,brain rot,523,0.2925334608030593,0.01377055449330784
2025-03,brain rot,597,0.31751591289782244,0.012726968174204354
2025-04,brain rot,614,0.3145798045602606,0.01078827361563518
2025-05,brain rot,555,0.2907027027027027,0.00994054054054054
2025-06,brain rot,467,0.33704282655246254,0.010194860813704498
2025-07,brain rot,495,0.3028121212121212,0.00883030303030303
2025-08,brain rot,476,0.3113109243697479,0.009002100840336135
2025-09,brain rot,425,0.3070188235294118,0.00796235294117647
2025-10,brain rot,364,0.31418131868131866,0.006662087912087912
2025-11,brain rot,322,0.2959223602484472,0.006273291925465839
2025-12,brain rot,318,0.295251572327044,0.005446540880503145
2024-05,brat,241,0.31054771784232366,0.004091286307053942
2024-06,brat,449,0.29717594654788415,0.009819599109131402
2024-07,brat,549,0.3024681238615665,0.01465209471766849
2024-08,brat,579,0.3022832469775475,0.014770293609671848
2024-09,brat,594,0.2785336700336701,0.01472053872053872
2024-10,brat,538,0.27015985130111525,0.011676579925650557
2024-11,brat,568,0.26237499999999997,0.012547535211267604
2024-12,brat,479,0.2559457202505219,0.009734864300626306
2025-01,brat,453,0.21413245033112582,0.008838852097130243
2025-02,brat,329,0.24880243161094223,0.006592705167173253
2025-03,brat,303,0.19554125412541254,0.005125412541254125
2025-04,brat,114,0.21721929824561406,0.002131578947368421
2025-05,brat,115,0.30888695652173914,0.0019304347826086957
2025-06,brat,119,0.21401680672268908,0.0018823529411764706
2025-07,brat,104,0.24836538461538463,0.0013076923076923079
2025-08,brat,93,0.22027956989247313,0.0014408602150537636
2025-09,brat,85,0.2004705882352941,0.0012000000000000001
2020-01,bussin,96,0.5132291666666667,0.0017291666666666668
2020-02,bussin,157,0.4056815286624204,0.002445859872611465
2020-03,bussin,202,0.43215346534653465,0.003574257425742574
2020-04,bussin,241,0.4462780082987552,0.004257261410788382
2020-05,bussin,280,0.44210357142857143,0.005407142857142857
2020-06,bussin,309,0.46956634304207123,0.005349514563106796
2020-07,bussin,366,0.4320191256830601,0.006833333333333333
2020-08,bussin,419,0.47067303102625296,0.007725536992840096
2020-09,bussin,475,0.47082526315789475,0.009128421052631579
2020-10,bussin,566,0.4718021201413428,0.009727915194346291
2020-11,bussin,510,0.46791176470588236,0.010168627450980391
2020-12,bussin,596,0.4816006711409396,0.011134228187919462
2021-01,bussin,571,0.46633274956217163,0.012084063047285465
2021-02,bussin,531,0.46309227871939734,0.01371939736346516
2021-03,bussin,617,0.4728476499189627,0.013502431118314423
2021-04,bussin,525,0.43624,0.014508571428571428
2021-05,bussin,570,0.447640350877193,0.01609649122807018
2021-06,bussin,552,0.4601829710144928,0.016282608695652172
2021-07,bussin,551,0.4387568058076225,0.015411978221415606
2021-08,bussin,586,0.4635017064846417,0.01789419795221843
2021-09,bussin,564,0.48397695035460997,0.013914893617021277
2021-10,bussin,518,0.42373745173745175,0.014144787644787644
2021-11,bussin,574,0.4530017421602788,0.013073170731707317
2021-12,bussin,562,0.46816548042704625,0.012202846975088968
2022-01,bussin,592,0.4241300675675676,0.012287162162162163
2022-02,bussin,544,0.4528547794117647,0.013158088235294116
2022-03,bussin,560,0.41867857142857146,0.013182142857142856
2022-04,bussin,534,0.41546254681647937,0.010958801498127342
2022-05,bussin,529,0.4317561436672968,0.00971266540642722
2022-06,bussin,501,0.4147844311377245,0.010013972055888224
2022-07,bussin,465,0.4691763440860215,0.010750537634408601
2022-08,bussin,407,0.44045945945945947,0.009697788697788697
2022-09,bussin,427,0.46501873536299765,0.009185011709601874
2022-10,bussin,361,0.4267313019390582,0.006703601108033241
2022-11,bussin,338,0.42448520710059173,0.006464497041420119
2022-12,bussin,326,0.46577914110429447,0.006478527607361963
2023-01,bussin,301,0.43844518272425254,0.005744186046511628
2023-02,bussin,236,0.42847457627118646,0.009728813559322034
2023-03,bussin,119,0.41725210084033615,0.001957983193277311
2023-04,bussin,111,0.49263963963963964,0.002864864864864865
2023-05,bussin,105,0.4244,0.0016857142857142856
2023-06,bussin,101,0.4584059405940594,0.001732673267326733
2023-07,bussin,94,0.45518085106382977,0.0014574468085106385
2023-08,bussin,62,0.508741935483871,0.0012096774193548388
2020-11,caught in 4k,127,-0.25412598425196853,0.0013700787401574805
2020-12,caught in 4k,218,-0.35792660550458716,0.0028577981651376145
2021-01,caught in 4k,308,-0.28965584415584417,0.003840909090909091
2021-02,caught in 4k,356,-0.236688202247191,0.005575842696629214
2021-03,caught in 4k,458,-0.2863930131004367,0.006781659388646288
2021-04,caught in 4k,529,-0.2791947069943289,0.007867674858223062
2021-05,caught in 4k,575,-0.26634434782608696,0.00908695652173913
2021-06,caught in 4k,553,-0.24592043399638336,0.011804701627486437
2021-07,caught in 4k,580,-0.2634448275862069,0.011144827586206897
2021-08,caught in 4k,562,-0.2686548042704626,0.012368327402135232
2021-09,caught in 4k,563,-0.28923623445825936,0.011321492007104795
2021-10,caught in 4k,621,-0.3023977455716586,0.010721417069243157
2021-11,caught in 4k,532,-0.27851503759398494,0.009676691729323308
2021-12,caught in 4k,561,-0.2767789661319073,0.00909982174688057
2022-01,caught in 4k,574,-0.29030662020905923,0.009428571428571429
2022-02,caught in 4k,521,-0.3189462571976967,0.008702495201535508
2022-03,caught in 4k,510,-0.27631372549019606,0.006917647058823529
2022-04,caught in 4k,434,-0.23625576036866358,0.006488479262672811
2022-05,caught in 4k,424,-0.27929245283018866,0.0066344339622641515
2022-06,caught in 4k,367,-0.3349291553133515,0.005386920980926431
2022-07,caught in 4k,312,-0.2160448717948718,0.004150641025641026
2022-08,caught in 4k,278,-0.3416474820143885,0.0034316546762589925
2022-09,caught in 4k,128,-0.330171875,0.0013984375
2022-10,caught in 4k,110,-0.3032272727272727,0.001290909090909091
2022-11,caught in 4k,123,-0.22199186991869918,0.0012032520325203251
2022-12,caught in 4k,112,-0.28264285714285714,0.0012232142857142858
2023-01,caught in 4k,84,-0.25442857142857145,0.0006190476190476191
2023-02,caught in 4k,76,-0.3088947368421053,0.0010657894736842105
2021-04,cheugy,209,-0.2817368421052632,0.004301435406698565
2021-05,cheugy,498,-0.385785140562249,0.009491967871485945
2021-06,cheugy,531,-0.3612467043314501,0.015487758945386064
2021-07,cheugy,528,-0.3568939393939394,0.015799242424242424
2021-08,cheugy,580,-0.32791379310344826,0.014153448275862068
2021-09,cheugy,497,-0.39573038229376256,0.011981891348088532
2021-10,cheugy,446,-0.3383273542600897,0.008466367713004484
2021-11,cheugy,313,-0.3356198083067093,0.00570926517571885
2021-12,cheugy,126,-0.3374603174603174,0.0022380952380952382
2022-01,cheugy,116,-0.38767241379310347,0.001543103448275862
2022-02,cheugy,98,-0.344530612244898,0.0018163265306122447
2022-03,cheugy,87,-0.3964022988505747,0.0015402298850574713
2022-04,cheugy,88,-0.3699545454545454,0.001340909090909091
2022-05,cheugy,72,-0.3382361111111111,0.0013750000000000001
2024-02,cooked,95,0.45022105263157897,0.0020947368421052634
2024-03,cooked,180,0.2972666666666667,0.0033166666666666665
2024-04,cooked,223,0.34225560538116595,0.004426008968609865
2024-05,cooked,291,0.26794158075601376,0.004463917525773195
2024-06,cooked,360,0.2827194444444444,0.00576388888888889
2024-07,cooked,393,0.36928498727735365,0.008170483460559796
2024-08,cooked,493,0.2867951318458418,0.009168356997971602
2024-09,cooked,544,0.2680974264705882,0.010262867647058823
2024-10,cooked,586,0.3290443686006826,0.01109556313993174
2024-11,cooked,570,0.3431421052631579,0.011107017543859649
2024-12,cooked,588,0.3162908163265306,0.013023809523809524
2025-01,cooked,560,0.2847732142857143,0.016348214285714285
2025-02,cooked,537,0.3251918063314711,0.018080074487895715
2025-03,cooked,581,0.2763184165232358,0.01599483648881239
2025-04,cooked,554,0.30210469314079424,0.015472924187725631
2025-05,cooked,556,0.27335611510791363,0.013866906474820143
2025-06,cooked,549,0.306856102003643,0.014103825136612022
2025-07,cooked,563,0.3018063943161634,0.013238010657193607
2025-08,cooked,570,0.2875315789473684,0.012668421052631579
2025-09,cooked,546,0.2532948717948718,0.012904761904761905
2025-10,cooked,618,0.28683333333333333,0.010923948220064726
2025-11,cooked,545,0.26162201834862386,0.009886238532110092
2025-12,cooked,523,0.2587992351816444,0.010583173996175909
2022-10,delulu,116,-0.32457758620689653,0.002646551724137931
2022-11,delulu,193,-0.3680725388601036,0.0029948186528497406
2022-12,delulu,233,-0.34949785407725326,0.0038969957081545067
2023-01,delulu,321,-0.3797227414330218,0.005672897196261682
2023-02,delulu,345,-0.35622608695652175,0.006979710144927536
2023-03,delulu,461,-0.3394924078091106,0.008023861171366595
2023-04,delulu,485,-0.3139814432989691,0.009657731958762888
2023-05,delulu,606,-0.3512475247524752,0.010623762376237623
2023-06,delulu,544,-0.33945404411764707,0.011472426470588234
2023-07,delulu,551,-0.3339219600725953,0.012557168784029037
2023-08,delulu,550,-0.34792545454545454,0.016012727272727272
2023-09,delulu,549,-0.31979599271402553,0.01582513661202186
2023-10,delulu,604,-0.3597632450331126,0.017839403973509936
2023-11,delulu,552,-0.3716485507246377,0.01642210144927536
2023-12,delulu,584,-0.3403407534246575,0.016707191780821917
2024-01,delulu,571,-0.3445183887915937,0.01476707530647986
2024-02,delulu,517,-0.3711818181818182,0.013321083172147002
2024-03,delulu,596,-0.33353020134228184,0.012802013422818791
2024-04,delulu,537,-0.3237877094972067,0.015415270018621976
2024-05,delulu,562,-0.3347419928825623,0.011781138790035586
2024-06,delulu,568,-0.3618450704225352,0.011579225352112676
2024-07,delulu,585,-0.3565042735042735,0.009617094017094017
2024-08,delulu,503,-0.3573558648111332,0.012733598409542744
2024-09,delulu,471,-0.3227091295116773,0.010265392781316348
2024-10,delulu,514,-0.37294941634241247,0.008859922178988327
2024-11,delulu,427,-0.34890163934426227,0.009023419203747073
2024-12,delulu,418,-0.3487224880382775,0.007461722488038278
2025-01,delulu,403,-0.30627543424317616,0.006655086848635235
2025-02,delulu,318,-0.29706603773584905,0.007091194968553459
2025-03,delulu,347,-0.3295244956772334,0.0059164265129683
2025-04,delulu,323,-0.28187925696594424,0.005275541795665635
2025-05,delulu,272,-0.32810661764705884,0.0050220588235294124
2025-06,delulu,118,-0.3601779661016949,0.001940677966101695
2025-07,delulu,108,-0.3445185185185185,0.0016296296296296295
2025-08,delulu,117,-0.35827350427350424,0.0019914529914529916
2025-09,delulu,106,-0.37410377358490565,0.001518867924528302
2025-10,delulu,98,-0.38344897959183677,0.0015816326530612244
2025-11,delulu,71,-0.27329577464788735,0.0014788732394366197
2024-07,demure,274,0.3380693430656934,0.007507299270072993
2024-08,demure,578,0.38698442906574393,0.013548442906574394
2024-09,demure,581,0.33867469879518075,0.017402753872633393
2024-10,demure,577,0.3832253032928943,0.013608318890814559
2024-11,demure,565,0.35792566371681417,0.011290265486725662
2024-12,demure,488,0.3333217213114754,0.012053278688524589
2025-01,demure,388,0.3228324742268041,0.007252577319587629
2025-02,demure,284,0.2851232394366197,0.00572887323943662
2025-03,demure,123,0.3617235772357723,0.0020325203252032522
2025-04,demure,112,0.3494107142857143,0.0016517857142857144
2025-05,demure,114,0.3291140350877193,0.001692982456140351
2025-06,demure,102,0.33799999999999997,0.001568627450980392
2025-07,demure,92,0.360054347826087,0.0016195652173913043
2025-08,demure,80,0.3262375,0.0009249999999999999
2023-01,era,124,0.2555,0.0020887096774193548
2023-02,era,205,0.28422926829268297,0.0035073170731707314
2023-03,era,269,0.27706319702602233,0.0043011152416356875
2023-04,era,325,0.2570953846153846,0.007403076923076924
2023-05,era,416,0.2838149038461538,0.0076442307692307695
2023-06,era,492,0.2845243902439024,0.008695121951219511
2023-07,era,560,0.2957660714285714,0.010528571428571429
2023-08,era,600,0.265865,0.012513333333333333
2023-09,era,547,0.3032468007312614,0.014005484460694698
2023-10,era,572,0.2652307692307692,0.016015734265734265
2023-11,era,577,0.25242287694974,0.016027729636048527
2023-12,era,551,0.26668239564428314,0.01634845735027223
2024-01,era,562,0.2592633451957295,0.017934163701067617
2024-02,era,560,0.2795267857142857,0.015275
2024-03,era,573,0.2496980802792321,0.013289703315881326
2024-04,era,537,0.2274972067039106,0.013031657355679703
2024-05,era,564,0.24879964539007093,0.010946808510638298
2024-06,era,583,0.22280617495711832,0.010041166380789023
2024-07,era,616,0.23103896103896102,0.01227435064935065
2024-08,era,565,0.2739274336283186,0.011233628318584071
2024-09,era,452,0.2693938053097345,0.009061946902654867
2024-10,era,470,0.25391702127659577,0.008182978723404255
2024-11,era,408,0.24909558823529412,0.007970588235294116
2024-12,era,380,0.21949473684210527,0.006965789473684211
2025-01,era,356,0.28631460674157305,0.006146067415730337
2025-02,era,289,0.23327335640138408,0.005910034602076125
2025-03,era,302,0.28469205298013245,0.004552980132450331
2025-04,era,130,0.16543846153846156,0.001869230769230769
2025-05,era,106,0.1965377358490566,0.0019433962264150946
2025-06,era,126,0.2608095238095238,0.0018571428571428573
2025-07,era,87,0.2774367816091954,0.0018505747126436782
2025-08,era,102,0.21882352941176472,0.0013725490196078432
2025-09,era,63,0.20623809523809525,0.0013333333333333335
2023-08,fanum tax,136,0.3789705882352941,0.0015514705882352941
2023-09,fanum tax,221,0.32185972850678735,0.002506787330316742
2023-10,fanum tax,335,0.3468865671641791,0.004734328358208956
2023-11,fanum tax,399,0.32778446115288223,0.0049172932330827064
2023-12,fanum tax,518,0.3613050193050193,0.007121621621621622
2024-01,fanum tax,592,0.31913682432432433,0.008057432432432432
2024-02,fanum tax,522,0.3657758620689655,0.008532567049808428
2024-03,fanum tax,601,0.3499866888519135,0.012339434276206323
2024-04,fanum tax,607,0.3088698517298188,0.010522240527182865
2024-05,fanum tax,597,0.3096465661641541,0.01005862646566164
2024-06,fanum tax,582,0.34743127147766323,0.010587628865979382
2024-07,fanum tax,590,0.28471186440677965,0.009023728813559322
2024-08,fanum tax,567,0.3315714285714286,0.008188712522045855
2024-09,fanum tax,581,0.28135456110154905,0.008514629948364888
2024-10,fanum tax,530,0.3168811320754717,0.008562264150943397
2024-11,fanum tax,489,0.2618650306748466,0.006451942740286298
2024-12,fanum tax,444,0.29729279279279275,0.005851351351351351
2025-01,fanum tax,443,0.2984018058690745,0.00499548532731377
2025-02,fanum tax,317,0.3319274447949527,0.004596214511041009
2025-03,fanum tax,318,0.2668867924528302,0.004534591194968554
2025-04,fanum tax,261,0.3143486590038314,0.0033946360153256703
2025-05,fanum tax,115,0.33602608695652175,0.0013304347826086956
2025-06,fanum tax,115,0.23399130434782608,0.0012260869565217393
2025-07,fanum tax,104,0.3825480769230769,0.0012115384615384616
2025-08,fanum tax,95,0.3887684210526316,0.0010210526315789475
2025-09,fanum tax,87,0.25641379310344825,0.0008620689655172414
2025-10,fanum tax,69,0.27546376811594203,0.0005507246376811594
2021-04,gaslighting,106,-0.45089622641509436,0.0017075471698113206
2021-05,gaslighting,152,-0.4815592105263158,0.0023815789473684208
2021-06,gaslighting,174,-0.4551494252873563,0.003155172413793104
2021-07,gaslighting,258,-0.4718449612403101,0.0038914728682170542
2021-08,gaslighting,264,-0.4513560606060606,0.005185606060606061
2021-09,gaslighting,330,-0.4306727272727273,0.007266666666666667
2021-10,gaslighting,339,-0.41446312684365777,0.0059174041297935095
2021-11,gaslighting,417,-0.4450671462829736,0.007035971223021583
2021-12,gaslighting,413,-0.4135859564164649,0.008092009685230024
2022-01,gaslighting,517,-0.4631779497098646,0.009009671179883947
2022-02,gaslighting,485,-0.41787216494845364,0.010037113402061856
2022-03,gaslighting,540,-0.4246259259259259,0.009914814814814816
2022-04,gaslighting,547,-0.45205118829981716,0.011217550274223035
2022-05,gaslighting,596,-0.4255553691275168,0.011699664429530202
2022-06,gaslighting,563,-0.46587566607460035,0.014598579040852575
2022-07,gaslighting,575,-0.43784,0.014881739130434782
2022-08,gaslighting,596,-0.4569345637583893,0.017558724832214764
2022-09,gaslighting,565,-0.4616991150442478,0.014038938053097345
2022-10,gaslighting,555,-0.4547189189189189,0.015994594594594597
2022-11,gaslighting,543,-0.4748563535911602,0.017292817679558013
2022-12,gaslighting,554,-0.45439350180505417,0.016505415162454875
2023-01,gaslighting,571,-0.44698073555166373,0.014406304728546409
2023-02,gaslighting,537,-0.44193109869646185,0.01571322160148976
2023-03,gaslighting,566,-0.49159363957597174,0.013113074204946996
2023-04,gaslighting,549,-0.4542058287795993,0.01301457194899818
2023-05,gaslighting,623,-0.45547030497592295,0.01240609951845907
2023-06,gaslighting,558,-0.47560931899641573,0.011738351254480287
2023-07,gaslighting,574,-0.4452560975609756,0.01046864111498258
2023-08,gaslighting,526,-0.4549695817490494,0.013138783269961977
2023-09,gaslighting,449,-0.44466592427616924,0.008966592427616927
2023-10,gaslighting,436,-0.42373853211009177,0.008371559633027523
2023-11,gaslighting,402,-0.4204850746268657,0.010348258706467661
2023-12,gaslighting,381,-0.4313438320209974,0.006690288713910761
2024-01,gaslighting,335,-0.4345880597014925,0.005871641791044776
2024-02,gaslighting,288,-0.44107291666666665,0.005864583333333334
2024-03,gaslighting,268,-0.4233246268656716,0.004283582089552238
2024-04,gaslighting,118,-0.47317796610169494,0.002338983050847458
2024-05,gaslighting,136,-0.43733088235294115,0.0019338235294117647
2024-06,gaslighting,99,-0.3945353535353535,0.0017373737373737375
2024-07,gaslighting,97,-0.4511134020618557,0.0016597938144329897
2024-08,gaslighting,93,-0.3829784946236559,0.0012150537634408602
2024-09,gaslighting,71,-0.43514084507042256,0.001028169014084507
2023-05,girl dinner,208,0.42147596153846156,0.004149038461538462
2023-06,girl dinner,444,0.4289144144144144,0.008754504504504504
2023-07,girl dinner,562,0.4715978647686833,0.01423843416370107
2023-08,girl dinner,554,0.4378447653429603,0.018604693140794226
2023-09,girl dinner,553,0.40781916817359853,0.013524412296564195
2023-10,girl dinner,534,0.414,0.010462546816479401
2023-11,girl dinner,438,0.4252922374429224,0.007536529680365297
2023-12,girl dinner,295,0.3961864406779661,0.005627118644067796
2024-01,girl dinner,131,0.4196946564885496,0.0018702290076335877
2024-02,girl dinner,117,0.46373504273504274,0.0019914529914529916
2024-03,girl dinner,108,0.4271481481481481,0.001712962962962963
2024-04,girl dinner,105,0.4221809523809524,0.0011904761904761906
2024-05,girl dinner,94,0.36127659574468085,0.0017446808510638298
2024-06,girl dinner,76,0.38643421052631577,0.0014078947368421052
2023-07,girl math,201,0.33376616915422885,0.00408955223880597
2023-08,girl math,455,0.3500945054945055,0.008208791208791208
2023-09,girl math,543,0.33390055248618783,0.013865561694290976
2023-10,girl math,565,0.32066194690265487,0.01728495575221239
2023-11,girl math,562,0.31705338078291817,0.0154288256227758
2023-12,girl math,611,0.28876759410801967,0.011518821603927988
2024-01,girl math,500,0.312964,0.009892
2024-02,girl math,365,0.2970356164383562,0.006873972602739726
2024-03,girl math,305,0.3119377049180328,0.006049180327868852
2024-04,girl math,135,0.2548518518518519,0.0019111111111111113
2024-05,girl math,113,0.2388230088495575,0.0020353982300884955
2024-06,girl math,101,0.31763366336633664,0.0015544554455445545
2024-07,girl math,81,0.22840740740740742,0.0017037037037037038
2024-08,girl math,92,0.3644673913043478,0.0014239130434782609
2024-09,girl math,75,0.23398666666666665,0.00124
2023-09,gyatt,127,0.3640314960629921,0.0012913385826771654
2023-10,gyatt,202,0.3161980198019802,0.0029702970297029703
2023-11,gyatt,316,0.32746835443037975,0.0040664556962025315
2023-12,gyatt,420,0.3064119047619048,0.005345238095238096
2024-01,gyatt,529,0.3065217391304348,0.006347826086956522
2024-02,gyatt,532,0.3046315789473684,0.008612781954887218
2024-03,gyatt,542,0.318839483394834,0.011846863468634687
2024-04,gyatt,534,0.3156853932584269,0.010612359550561798
2024-05,gyatt,550,0.25843272727272726,0.011941818181818182
2024-06,gyatt,549,0.3262367941712204,0.01249726775956284
2024-07,gyatt,565,0.3121362831858407,0.010346902654867257
2024-08,gyatt,589,0.27739049235993213,0.011609507640067912
2024-09,gyatt,522,0.25072030651341,0.007938697318007663
2024-10,gyatt,575,0.28242608695652177,0.008991304347826088
2024-11,gyatt,586,0.27102047781569966,0.007418088737201366
2024-12,gyatt,555,0.283627027027027,0.008372972972972974
2025-01,gyatt,471,0.2855477707006369,0.0059193205944798296
2025-02,gyatt,443,0.24500225733634312,0.00555530474040632
2025-03,gyatt,423,0.23796217494089836,0.005754137115839244
2025-04,gyatt,369,0.26763143631436315,0.007029810298102981
2025-05,gyatt,323,0.2701640866873065,0.006931888544891642
2025-06,gyatt,261,0.2777241379310345,0.003731800766283525
2025-07,gyatt,118,0.28246610169491526,0.0014999999999999998
2025-08,gyatt,121,0.24768595041322314,0.0012975206611570249
2025-09,gyatt,101,0.24151485148514854,0.001188118811881188
2025-10,gyatt,104,0.29672115384615383,0.0009134615384615384
2025-11,gyatt,71,0.22833802816901408,0.0009859154929577466
2025-12,gyatt,70,0.2298714285714286,0.0008571428571428571
2020-01,hits different,293,0.18574402730375428,0.004126279863481229
2020-02,hits different,335,0.16434626865671642,0.004537313432835821
2020-03,hits different,456,0.19532675438596492,0.0065614035087719295
2020-04,hits different,489,0.19124130879345602,0.00812883435582822
2020-05,hits different,529,0.20193950850661624,0.009947069943289224
2020-06,hits different,568,0.19947711267605633,0.008628521126760562
2020-07,hits different,531,0.18792278719397365,0.012359698681732579
2020-08,hits different,570,0.2041842105263158,0.01228421052631579
2020-09,hits different,545,0.18609174311926605,0.013165137614678898
2020-10,hits different,622,0.16723472668810288,0.011488745980707395
2020-11,hits different,542,0.15878044280442805,0.01016789667896679
2020-12,hits different,567,0.15934391534391534,0.011686067019400352
2021-01,hits different,590,0.15445593220338985,0.010203389830508475
2021-02,hits different,519,0.2151714836223507,0.009454720616570328
2021-03,hits different,620,0.1582516129032258,0.01020483870967742
2021-04,hits different,570,0.21068947368421054,0.009685964912280702
2021-05,hits different,569,0.1643462214411248,0.009210896309314586
2021-06,hits different,558,0.13141039426523296,0.0076057347670250896
2021-07,hits different,491,0.1330162932790224,0.007077393075356416
2021-08,hits different,472,0.11373728813559321,0.0073114406779661014
2021-09,hits different,476,0.12484243697478993,0.005966386554621848
2021-10,hits different,441,0.1389138321995465,0.0060408163265306125
2021-11,hits different,379,0.16863324538258576,0.00532981530343008
2021-12,hits different,328,0.1838231707317073,0.004820121951219512
2022-01,hits different,328,0.19638414634146342,0.004240853658536586
2022-02,hits different,299,0.12555852842809365,0.0036387959866220738
2022-03,hits different,299,0.105,0.0034147157190635457
2022-04,hits different,129,0.21365116279069768,0.00137984496124031
2022-05,hits different,119,0.20323529411764704,0.0013781512605042017
2022-06,hits different,109,0.12862385321100916,0.0011559633027522936
2022-07,hits different,97,0.1256082474226804,0.001154639175257732
2022-08,hits different,107,0.22593457943925235,0.0008317757009345794
2022-09,hits different,73,0.12032876712328767,0.0009726027397260275
2022-06,ick,116,0.10933620689655173,0.0024568965517241382
2022-07,ick,203,0.13649753694581282,0.003059113300492611
2022-08,ick,235,0.06712340425531915,0.0049446808510638296
2022-09,ick,316,0.0786740506329114,0.005778481012658228
2022-10,ick,404,0.06745792079207921,0.00825
2022-11,ick,452,0.09603761061946903,0.011876106194690267
2022-12,ick,557,0.07789946140035907,0.011201077199281867
2023-01,ick,553,0.051037974683544304,0.011904159132007234
2023-02,ick,506,0.08998814229249012,0.015440711462450593
2023-03,ick,553,0.09431283905967451,0.014365280289330921
2023-04,ick,599,0.1020484140233723,0.015275459098497497
2023-05,ick,578,0.07470242214532871,0.01756228373702422
2023-06,ick,576,0.07505902777777779,0.014881944444444442
2023-07,ick,570,0.07197368421052631,0.0169
2023-08,ick,592,0.07058108108108108,0.015581081081081081
2023-09,ick,560,0.07252857142857143,0.0124
2023-10,ick,549,0.07885063752276868,0.014418943533697633
2023-11,ick,595,0.07246890756302521,0.01132436974789916
2023-12,ick,585,0.049883760683760686,0.013863247863247862
2024-01,ick,524,0.02256297709923664,0.010173664122137405
2024-02,ick,478,0.06518619246861924,0.011847280334728033
2024-03,ick,455,0.07735384615384615,0.009360439560439561
2024-04,ick,409,0.05162102689486552,0.007662591687041564
2024-05,ick,423,0.018134751773049646,0.00821276595744681
2024-06,ick,325,0.05869846153846153,0.00692
2024-07,ick,317,0.06064984227129337,0.0059621451104100946
2024-08,ick,293,0.07974744027303754,0.005208191126279863
2024-09,ick,106,0.07194339622641509,0.0022264150943396227
2024-10,ick,136,0.08373529411764706,0.002382352941176471
2024-11,ick,87,0.10860919540229885,0.001517241379310345
2024-12,ick,93,0.05293548387096774,0.0016666666666666666
2025-01,ick,82,0.022329268292682922,0.0015487804878048781
2025-02,ick,84,-0.01360714285714286,0.0014404761904761904
2021-03,its giving,133,0.26260902255639096,0.0039022556390977447
2021-04,its giving,180,0.16211111111111112,0.006527777777777778
2021-05,its giving,273,0.25073992673992673,0.005128205128205128
2021-06,its giving,350,0.21956571428571428,0.006534285714285714
2021-07,its giving,442,0.22920135746606335,0.007552036199095022
2021-08,its giving,492,0.21879471544715448,0.009853658536585366
2021-09,its giving,562,0.2293309608540925,0.011667259786476869
2021-10,its giving,567,0.17329805996472664,0.013576719576719578
2021-11,its giving,570,0.23343333333333333,0.014556140350877194
2021-12,its giving,577,0.2556360485268631,0.014974003466204507
2022-01,its giving,583,0.21177015437392796,0.01992795883361921
2022-02,its giving,521,0.20616122840690979,0.014785028790786948
2022-03,its giving,578,0.17257612456747404,0.014100346020761247
2022-04,its giving,609,0.1764121510673235,0.014551724137931035
2022-05,its giving,572,0.17400000000000002,0.01373951048951049
2022-06,its giving,570,0.1639719298245614,0.011777192982456141
2022-07,its giving,557,0.18456193895870737,0.012077199281867146
2022-08,its giving,587,0.1759045996592845,0.01076320272572402
2022-09,its giving,529,0.16714744801512285,0.009565217391304347
2022-10,its giving,539,0.18246196660482375,0.010029684601113172
2022-11,its giving,435,0.18509655172413791,0.008583908045977012
2022-12,its giving,483,0.19497308488612836,0.008538302277432712
2023-01,its giving,440,0.17178636363636363,0.007459090909090909
2023-02,its giving,361,0.16537396121883657,0.006520775623268698
2023-03,its giving,323,0.18295665634674924,0.006130030959752322
2023-04,its giving,302,0.1808841059602649,0.005423841059602649
2023-05,its giving,257,0.15091050583657586,0.0045758754863813225
2023-06,its giving,113,0.1732212389380531,0.0021946902654867255
2023-07,its giving,95,0.21175789473684212,0.0018210526315789474
2023-08,its giving,104,0.1437596153846154,0.0017115384615384614
2023-09,its giving,94,0.11095744680851063,0.001957446808510638
2023-10,its giving,80,0.1749625,0.00135
2023-11,its giving,83,0.11162650602409639,0.0013614457831325302
2024-04,looksmaxxing,120,0.4070916666666667,0.0013333333333333333
2024-05,looksmaxxing,160,0.35028125,0.00248125
2024-06,looksmaxxing,222,0.3495855855855856,0.004085585585585585
2024-07,looksmaxxing,286,0.3516433566433566,0.004590909090909091
2024-08,looksmaxxing,380,0.35689736842105263,0.006152631578947369
2024-09,looksmaxxing,420,0.4109071428571428,0.005833333333333334
2024-10,looksmaxxing,441,0.3406394557823129,0.006732426303854875
2024-11,looksmaxxing,515,0.3596621359223301,0.010444660194174756
2024-12,looksmaxxing,575,0.39067999999999997,0.008375652173913043
2025-01,looksmaxxing,555,0.35724144144144143,0.011992792792792792
2025-02,looksmaxxing,537,0.3730074487895717,0.013461824953445065
2025-03,looksmaxxing,565,0.3507858407079646,0.012417699115044247
2025-04,looksmaxxing,557,0.370213644524237,0.014123877917414722
2025-05,looksmaxxing,513,0.3492573099415205,0.015545808966861597
2025-06,looksmaxxing,535,0.3335831775700935,0.01276448598130841
2025-07,looksmaxxing,537,0.33818621973929236,0.011525139664804469
2025-08,looksmaxxing,601,0.37896173044925124,0.011415973377703826
2025-09,looksmaxxing,582,0.33725773195876285,0.011809278350515465
2025-10,looksmaxxing,584,0.3561626712328767,0.010344178082191782
2025-11,looksmaxxing,562,0.3472508896797153,0.00947864768683274
2025-12,looksmaxxing,560,0.31269107142857144,0.008994642857142857
2020-06,main character,110,0.3431727272727273,0.001709090909090909
2020-07,main character,178,0.27181460674157304,0.0031404494382022475
2020-08,main character,217,0.3158986175115207,0.004534562211981567
2020-09,main character,293,0.22568941979522184,0.005221843003412969
2020-10,main character,331,0.2861963746223565,0.006169184290030211
2020-11,main character,393,0.27802544529262085,0.008926208651399491
2020-12,main character,491,0.2495010183299389,0.00810386965376782
2021-01,main character,561,0.2914295900178253,0.012228163992869875
2021-02,main character,550,0.2721690909090909,0.011796363636363638
2021-03,main character,600,0.277535,0.014405000000000001
2021-04,main character,529,0.296593572778828,0.014846880907372401
2021-05,main character,579,0.27814162348877375,0.014098445595854922
2021-06,main character,533,0.29000187617260786,0.019101313320825514
2021-07,main character,567,0.25305643738977074,0.015934744268077602
2021-08,main character,598,0.24056521739130435,0.014603678929765888
2021-09,main character,599,0.27451919866444074,0.015183639398998331
2021-10,main character,559,0.2594633273703041,0.014704830053667264
2021-11,main character,560,0.25958392857142853,0.013019642857142858
2021-12,main character,577,0.23167590987868283,0.014343154246100519
2022-01,main character,583,0.2556054888507719,0.012504288164665523
2022-02,main character,541,0.2547116451016636,0.01344547134935305
2022-03,main character,588,0.2549795918367347,0.009845238095238094
2022-04,main character,474,0.21188396624472572,0.011073839662447257
2022-05,main character,495,0.23514747474747474,0.009161616161616162
2022-06,main character,448,0.23048214285714286,0.008359375
2022-07,main character,437,0.21248970251716248,0.007254004576659039
2022-08,main character,407,0.22751597051597053,0.007125307125307125
2022-09,main character,343,0.23842274052478132,0.006478134110787172
2022-10,main character,327,0.2721529051987768,0.005810397553516819
2022-11,main character,257,0.24691828793774317,0.005361867704280155
2022-12,main character,129,0.3041395348837209,0.0019069767441860465
2023-01,main character,115,0.2091826086956522,0.002217391304347826
2023-02,main character,89,0.3444157303370786,0.0016629213483146067
2023-03,main character,101,0.2030990099009901,0.0015445544554455446
2023-04,main character,85,0.2853176470588235,0.0014470588235294117
2023-05,main character,80,0.3019125,0.00115
2024-03,mewing,123,0.31117073170731707,0.0021869918699186993
2024-04,mewing,229,0.4211877729257642,0.003646288209606987
2024-05,mewing,266,0.3789172932330827,0.005086466165413534
2024-06,mewing,347,0.34864265129683,0.005930835734870316
2024-07,mewing,411,0.3750656934306569,0.007630170316301703
2024-08,mewing,565,0.38160000000000005,0.009453097345132744
2024-09,mewing,550,0.38324,0.011896363636363637
2024-10,mewing,584,0.37504794520547946,0.012837328767123287
2024-11,mewing,594,0.37722390572390574,0.013368686868686868
2024-12,mewing,559,0.3811967799642218,0.016991055456171734
2025-01,mewing,605,0.32234380165289256,0.020942148760330577
2025-02,mewing,517,0.3490019342359768,0.014176015473887815
2025-03,mewing,566,0.34335512367491167,0.0129434628975265
2025-04,mewing,541,0.3717874306839187,0.013981515711645102
2025-05,mewing,587,0.3454906303236797,0.013482112436115842
2025-06,mewing,559,0.36312701252236135,0.011620751341681576
2025-07,mewing,622,0.3414887459807074,0.010807073954983924
2025-08,mewing,528,0.34544507575757577,0.009797348484848485
2025-09,mewing,504,0.3279107142857143,0.00903373015873016
2025-10,mewing,431,0.3069559164733179,0.010178654292343386
2025-11,mewing,389,0.34089203084832903,0.007598971722365039
2025-12,mewing,354,0.34126271186440676,0.008612994350282486
2021-08,mid,107,-0.31463551401869155,0.0013364485981308414
2021-09,mid,181,-0.32839226519337017,0.0018508287292817681
2021-10,mid,207,-0.35908695652173916,0.0029516908212560387
2021-11,mid,286,-0.374472027972028,0.003821678321678322
2021-12,mid,351,-0.32795726495726496,0.00447008547008547
2022-01,mid,425,-0.32808705882352945,0.0046776470588235294
2022-02,mid,429,-0.4089184149184149,0.0059743589743589745
2022-03,mid,554,-0.3529368231046931,0.00821841155234657
2022-04,mid,569,-0.3317346221441125,0.009093145869947276
2022-05,mid,587,-0.33503577512776833,0.008696763202725725
2022-06,mid,538,-0.34720631970260224,0.008511152416356877
2022-07,mid,544,-0.3406452205882353,0.009922794117647057
2022-08,mid,647,-0.35535394126738795,0.011445131375579598
2022-09,mid,554,-0.36705956678700363,0.011648014440433214
2022-10,mid,574,-0.35856620209059237,0.0126602787456446
2022-11,mid,571,-0.3599947460595446,0.013408056042031524
2022-12,mid,556,-0.3704658273381295,0.010005395683453237
2023-01,mid,579,-0.3473108808290155,0.009569948186528498
2023-02,mid,532,-0.3543101503759398,0.00831390977443609
2023-03,mid,525,-0.3587314285714286,0.009001904761904761
2023-04,mid,541,-0.34746210720887244,0.009380776340110907
2023-05,mid,594,-0.34625084175084175,0.007877104377104378
2023-06,mid,498,-0.346710843373494,0.006154618473895582
2023-07,mid,519,-0.362626204238921,0.007217726396917148
2023-08,mid,489,-0.35458895705521476,0.006269938650306748
2023-09,mid,423,-0.35525768321513,0.005479905437352246
2023-10,mid,390,-0.3653205128205128,0.005482051282051282
2023-11,mid,366,-0.3365464480874317,0.005008196721311475
2023-12,mid,321,-0.2875607476635514,0.004143302180685359
2024-01,mid,311,-0.3726688102893891,0.003581993569131833
2024-02,mid,263,-0.32744486692015207,0.0029809885931558937
2024-03,mid,127,-0.27270078740157483,0.0023858267716535433
2024-04,mid,109,-0.32848623853211006,0.0013761467889908255
2024-05,mid,108,-0.3206851851851852,0.0010833333333333335
2024-06,mid,90,-0.3486444444444444,0.0009444444444444445
2024-07,mid,96,-0.2611354166666667,0.000875
2024-08,mid,81,-0.31217283950617286,0.000691358024691358
2020-01,no cap,500,0.27695800000000004,0.00645
2020-02,no cap,494,0.26708906882591094,0.007512145748987854
2020-03,no cap,611,0.3018805237315876,0.009713584288052373
2020-04,no cap,583,0.25969811320754715,0.009545454545454546
2020-05,no cap,542,0.2979870848708487,0.010632841328413283
2020-06,no cap,538,0.28692750929368027,0.012338289962825278
2020-07,no cap,515,0.2718349514563107,0.012650485436893203
2020-08,no cap,580,0.27231724137931035,0.0126
2020-09,no cap,585,0.2630923076923077,0.013266666666666666
2020-10,no cap,597,0.30851256281407036,0.011994974874371858
2020-11,no cap,556,0.2740881294964029,0.011194244604316547
2020-12,no cap,589,0.2660390492359932,0.011886247877758913
2021-01,no cap,530,0.24989056603773585,0.011913207547169812
2021-02,no cap,554,0.22920036101083033,0.010395306859205776
2021-03,no cap,585,0.23428547008547007,0.01013162393162393
2021-04,no cap,532,0.23187406015037593,0.010099624060150376
2021-05,no cap,583,0.23714236706689534,0.01041852487135506
2021-06,no cap,571,0.21917162872154117,0.008366024518388792
2021-07,no cap,560,0.25693035714285717,0.007385714285714286
2021-08,no cap,520,0.23344807692307692,0.007261538461538461
2021-09,no cap,484,0.21135537190082646,0.006553719008264463
2021-10,no cap,464,0.20015948275862067,0.008073275862068966
2021-11,no cap,392,0.21738520408163267,0.006293367346938776
2021-12,no cap,401,0.24215211970074813,0.005369077306733167
2022-01,no cap,361,0.25375346260387815,0.004808864265927978
2022-02,no cap,326,0.21761656441717792,0.0045613496932515344
2022-03,no cap,362,0.28589226519337013,0.004337016574585635
2022-04,no cap,301,0.24638538205980068,0.003691029900332226
2022-05,no cap,274,0.236507299270073,0.0037043795620437955
2022-06,no cap,116,0.17205172413793102,0.0014396551724137933
2022-07,no cap,102,0.17370588235294118,0.0013725490196078432
2022-08,no cap,108,0.17002777777777778,0.0013240740740740743
2022-09,no cap,98,0.2151530612244898,0.001326530612244898
2022-10,no cap,94,0.18856382978723404,0.0009468085106382979
2022-11,no cap,99,0.2517070707070707,0.0008484848484848485
2023-02,ohio,107,0.3407570093457944,0.001925233644859813
2023-03,ohio,168,0.30594642857142856,0.003017857142857143
2023-04,ohio,196,0.36375510204081635,0.003770408163265306
2023-05,ohio,294,0.306047619047619,0.004469387755102041
2023-06,ohio,337,0.36945994065281895,0.0088486646884273
2023-07,ohio,420,0.3035833333333333,0.0072785714285714285
2023-08,ohio,467,0.3573490364025696,0.008599571734475375
2023-09,ohio,535,0.34818504672897194,0.0086
2023-10,ohio,650,0.34204,0.010913846153846154
2023-11,ohio,576,0.3279253472222222,0.012592013888888889
2023-12,ohio,603,0.3390232172470979,0.013024875621890548
2024-01,ohio,574,0.3619094076655052,0.014594076655052265
2024-02,ohio,531,0.36471751412429376,0.017267419962335218
2024-03,ohio,536,0.3379701492537313,0.017376865671641793
2024-04,ohio,570,0.34204210526315787,0.014143859649122806
2024-05,ohio,558,0.3039175627240144,0.01285304659498208
2024-06,ohio,566,0.35198233215547703,0.01254946996466431
2024-07,ohio,564,0.29968439716312056,0.010326241134751772
2024-08,ohio,549,0.32153734061930783,0.01019672131147541
2024-09,ohio,483,0.33785093167701863,0.009302277432712216
2024-10,ohio,416,0.29625240384615387,0.007879807692307693
2024-11,ohio,337,0.33391691394658757,0.006338278931750742
2024-12,ohio,294,0.2742891156462585,0.005976190476190477
2025-01,ohio,121,0.2987851239669421,0.00171900826446281
2025-02,ohio,89,0.34535955056179773,0.0021235955056179774
2025-03,ohio,112,0.26450892857142855,0.0020535714285714285
2025-04,ohio,88,0.34956818181818183,0.0016250000000000001
2025-05,ohio,90,0.2655,0.0013555555555555556
2025-06,ohio,81,0.30822222222222223,0.0015061728395061728
2020-01,periodt,592,0.25244256756756756,0.01066554054054054
2020-02,periodt,533,0.30585365853658536,0.01276360225140713
2020-03,periodt,588,0.22846258503401362,0.011710884353741497
2020-04,periodt,538,0.28790148698884754,0.012553903345724907
2020-05,periodt,608,0.2753157894736842,0.011189144736842105
2020-06,periodt,574,0.26351393728223,0.010717770034843206
2020-07,periodt,560,0.3009589285714286,0.014060714285714286
2020-08,periodt,556,0.2473776978417266,0.010456834532374101
2020-09,periodt,528,0.23575378787878787,0.008702651515151514
2020-10,periodt,572,0.24840734265734266,0.008022727272727273
2020-11,periodt,522,0.23878927203065134,0.010662835249042145
2020-12,periodt,473,0.2457949260042283,0.006714587737843552
2021-01,periodt,455,0.26402857142857145,0.005896703296703296
2021-02,periodt,366,0.1837704918032787,0.005385245901639344
2021-03,periodt,357,0.22791876750700282,0.0048627450980392155
2021-04,periodt,309,0.2590582524271845,0.0041553398058252426
2021-05,periodt,303,0.23602310231023102,0.0038514851485148514
2021-06,periodt,117,0.2851880341880342,0.0013333333333333333
2021-07,periodt,115,0.35086086956521734,0.0014260869565217392
2021-08,periodt,95,0.35668421052631577,0.0012315789473684212
2021-09,periodt,91,0.2018131868131868,0.001010989010989011
2021-10,periodt,99,0.23692929292929293,0.0009191919191919192
2021-11,periodt,89,0.24479775280898874,0.0010112359550561798
2020-02,rent free,122,0.18514754098360656,0.0016639344262295082
2020-03,rent free,221,0.20419457013574663,0.0029683257918552038
2020-04,rent free,277,0.17247292418772564,0.0037400722021660652
2020-05,rent free,362,0.14758839779005525,0.004682320441988951
2020-06,rent free,464,0.1958081896551724,0.007144396551724138
2020-07,rent free,583,0.17895711835334477,0.007593481989708404
2020-08,rent free,572,0.18065034965034965,0.009066433566433567
2020-09,rent free,521,0.21044145873320538,0.01255662188099808
2020-10,rent free,628,0.22047929936305735,0.01184235668789809
2020-11,rent free,535,0.20820373831775701,0.013945794392523365
2020-12,rent free,566,0.150660777385159,0.01152296819787986
2021-01,rent free,541,0.1653475046210721,0.012495378927911275
2021-02,rent free,497,0.15399597585513078,0.013643863179074445
2021-03,rent free,560,0.14570892857142856,0.0130375
2021-04,rent free,565,0.19836106194690264,0.014223008849557522
2021-05,rent free,572,0.1450909090909091,0.00938111888111888
2021-06,rent free,600,0.14809666666666668,0.009055
2021-07,rent free,566,0.15241872791519437,0.008604240282685513
2021-08,rent free,589,0.13247198641765703,0.010461799660441426
2021-09,rent free,540,0.1406925925925926,0.008588888888888889
2021-10,rent free,540,0.1696814814814815,0.008433333333333334
2021-11,rent free,483,0.14432298136645963,0.006422360248447205
2021-12,rent free,481,0.13035966735966736,0.006490644490644491
2022-01,rent free,426,0.10452582159624413,0.0063286384976525825
2022-02,rent free,362,0.13059668508287292,0.006091160220994475
2022-03,rent free,377,0.134368700265252,0.005403183023872679
2022-04,rent free,331,0.1543776435045317,0.004577039274924471
2022-05,rent free,331,0.18044712990936557,0.0056072507552870085
2022-06,rent free,310,0.13656451612903225,0.0037290322580645157
2022-07,rent free,281,0.16873665480427047,0.0035729537366548042
2022-08,rent free,134,0.18955223880597016,0.0013955223880597015
2022-09,rent free,112,0.06017857142857143,0.0015624999999999999
2022-10,rent free,121,0.21819834710743802,0.0011652892561983472
2022-11,rent free,84,0.17507142857142857,0.0010714285714285715
2022-12,rent free,78,0.17151282051282052,0.0008717948717948718
2023-01,rent free,69,0.22766666666666666,0.0007536231884057972
2022-01,rizz,100,0.31888,0.0017100000000000001
2022-02,rizz,138,0.3258840579710145,0.002217391304347826
2022-03,rizz,199,0.3283015075376884,0.0035829145728643215
2022-04,rizz,207,0.32516425120772946,0.0039661835748792265
2022-05,rizz,277,0.34507581227436823,0.00551985559566787
2022-06,rizz,332,0.3051716867469879,0.006397590361445784
2022-07,rizz,389,0.30912339331619537,0.0071902313624678665
2022-08,rizz,455,0.3184021978021978,0.00794065934065934
2022-09,rizz,446,0.3375964125560538,0.009190582959641256
2022-10,rizz,505,0.3021742574257426,0.010445544554455446
2022-11,rizz,547,0.28655575868372946,0.012056672760511882
2022-12,rizz,563,0.2970799289520426,0.011865008880994671
2023-01,rizz,589,0.30380984719864174,0.013307300509337861
2023-02,rizz,529,0.2896805293005671,0.013149338374291115
2023-03,rizz,558,0.3147885304659498,0.014802867383512544
2023-04,rizz,523,0.32579541108986615,0.015384321223709368
2023-05,rizz,616,0.30483116883116884,0.014787337662337662
2023-06,rizz,573,0.2860453752181501,0.017574171029668413
2023-07,rizz,565,0.2788743362831858,0.01563716814159292
2023-08,rizz,546,0.29981501831501833,0.014043956043956043
2023-09,rizz,540,0.32244999999999996,0.015112962962962962
2023-10,rizz,577,0.2713604852686308,0.01397053726169844
2023-11,rizz,569,0.3017346221441125,0.014532513181019332
2023-12,rizz,561,0.2621283422459893,0.015294117647058824
2024-01,rizz,581,0.2876247848537005,0.013796901893287436
2024-02,rizz,524,0.23552480916030535,0.012110687022900763
2024-03,rizz,571,0.26536777583187393,0.010301225919439579
2024-04,rizz,517,0.28136363636363637,0.010994197292069633
2024-05,rizz,467,0.29015417558886514,0.010265524625267666
2024-06,rizz,442,0.257183257918552,0.008190045248868778
2024-07,rizz,462,0.27285064935064934,0.007952380952380952
2024-08,rizz,447,0.25057718120805367,0.008901565995525728
2024-09,rizz,343,0.2519271137026239,0.00656268221574344
2024-10,rizz,320,0.268503125,0.0065718750000000005
2024-11,rizz,273,0.30847252747252746,0.005377289377289377
2024-12,rizz,272,0.2446544117647059,0.005444852941176471
2025-01,rizz,137,0.27999270072992705,0.0018321167883211678
2025-02,rizz,111,0.3597837837837838,0.002243243243243243
2025-03,rizz,124,0.3021532258064516,0.0017016129032258063
2025-04,rizz,117,0.3455897435897436,0.0016837606837606838
2025-05,rizz,95,0.1841578947368421,0.0019263157894736842
2025-06,rizz,75,0.3028666666666667,0.0011733333333333333
2021-02,sheesh,122,0.29437704918032787,0.002040983606557377
2021-03,sheesh,227,0.3118149779735683,0.0038370044052863437
2021-04,sheesh,303,0.28469306930693067,0.006052805280528053
2021-05,sheesh,432,0.26918055555555553,0.008208333333333333
2021-06,sheesh,542,0.2947988929889299,0.00966420664206642
2021-07,sheesh,567,0.3701640211640212,0.010310405643738977
2021-08,sheesh,555,0.2800738738738739,0.014362162162162162
2021-09,sheesh,581,0.30738726333907057,0.01785542168674699
2021-10,sheesh,559,0.29956171735241505,0.015917710196779962
2021-11,sheesh,549,0.3051748633879781,0.013482695810564663
2021-12,sheesh,598,0.2863913043478261,0.014043478260869565
2022-01,sheesh,557,0.26126032315978454,0.011538599640933572
2022-02,sheesh,523,0.2861739961759082,0.012650095602294454
2022-03,sheesh,564,0.2556187943262411,0.009767730496453901
2022-04,sheesh,446,0.3045224215246637,0.008565022421524663
2022-05,sheesh,385,0.28698181818181817,0.007493506493506494
2022-06,sheesh,316,0.2375759493670886,0.0062626582278481014
2022-07,sheesh,321,0.22458255451713394,0.005526479750778817
2022-08,sheesh,104,0.2145576923076923,0.0022500000000000003
2022-09,sheesh,106,0.30266037735849055,0.0016792452830188679
2022-10,sheesh,102,0.29465686274509806,0.001764705882352941
2022-11,sheesh,87,0.2841494252873563,0.0015057471264367816
2022-12,sheesh,89,0.3502808988764045,0.001202247191011236
2023-01,sheesh,76,0.30671052631578943,0.0012631578947368421
2023-03,sigma,112,0.29083035714285715,0.0014821428571428572
2023-04,sigma,135,0.28966666666666663,0.001925925925925926
2023-05,sigma,188,0.3290159574468085,0.002473404255319149
2023-06,sigma,214,0.2997102803738318,0.0034205607476635513
2023-07,sigma,256,0.288578125,0.0039179687500000004
2023-08,sigma,311,0.25290996784565917,0.004643086816720257
2023-09,sigma,320,0.21552500000000002,0.006559375000000001
2023-10,sigma,388,0.3218556701030928,0.005427835051546391
2023-11,sigma,425,0.25293882352941177,0.006207058823529412
2023-12,sigma,438,0.2803173515981735,0.00723972602739726
2024-01,sigma,490,0.26549795918367347,0.007602040816326531
2024-02,sigma,548,0.25136861313868614,0.007372262773722628
2024-03,sigma,551,0.2815535390199637,0.00869328493647913
2024-04,sigma,576,0.31209722222222225,0.012470486111111111
2024-05,sigma,576,0.2671909722222222,0.010131944444444445
2024-06,sigma,536,0.27003358208955225,0.010813432835820896
2024-07,sigma,523,0.24490248565965583,0.012474187380497131
2024-08,sigma,619,0.2414281098546042,0.011240710823909532
2024-09,sigma,588,0.28935714285714287,0.014406462585034014
2024-10,sigma,607,0.2611004942339374,0.01527018121911038
2024-11,sigma,583,0.2890274442538594,0.014053173241852486
2024-12,sigma,539,0.2526493506493506,0.01422077922077922
2025-01,sigma,601,0.2671164725457571,0.011281198003327787
2025-02,sigma,572,0.25027272727272726,0.011236013986013985
2025-03,sigma,577,0.22620103986135182,0.011873483535528596
2025-04,sigma,537,0.24383240223463684,0.010774674115456238
2025-05,sigma,607,0.2516276771004942,0.010067545304777594
2025-06,sigma,495,0.21406464646464646,0.00930909090909091
2025-07,sigma,586,0.24709897610921502,0.00852901023890785
2025-08,sigma,503,0.23884095427435387,0.00927634194831014
2025-09,sigma,452,0.23820132743362832,0.008128318584070796
2025-10,sigma,451,0.2267649667405765,0.006405764966740576
2025-11,sigma,372,0.2703440860215054,0.006580645161290323
2025-12,sigma,354,0.22216949152542373,0.005796610169491526
2020-01,simp,562,-0.35870818505338076,0.007585409252669039
2020-02,simp,498,-0.35863052208835344,0.009447791164658634
2020-03,simp,538,-0.3677081784386617,0.011736059479553904
2020-04,simp,575,-0.3435704347826087,0.010913043478260871
2020-05,simp,567,-0.32954497354497353,0.011679012345679012
2020-06,simp,562,-0.3669199288256228,0.011939501779359431
2020-07,simp,570,-0.34731228070175435,0.010959649122807018
2020-08,simp,597,-0.36517252931323285,0.010695142378559463
2020-09,simp,545,-0.36080733944954124,0.009675229357798165
2020-10,simp,569,-0.3632284710017575,0.010165202108963094
2020-11,simp,561,-0.3420891265597148,0.010951871657754011
2020-12,simp,595,-0.33616638655462183,0.009892436974789916
2021-01,simp,598,-0.33713377926421406,0.008287625418060201
2021-02,simp,491,-0.3213564154786151,0.007527494908350306
2021-03,simp,508,-0.3638503937007874,0.006566929133858267
2021-04,simp,509,-0.3387603143418468,0.007222003929273085
2021-05,simp,488,-0.3639795081967213,0.006530737704918033
2021-06,simp,407,-0.3234176904176904,0.005230958230958231
2021-07,simp,419,-0.3274677804295943,0.005167064439140811
2021-08,simp,400,-0.34896,0.006517500000000001
2021-09,simp,328,-0.3551646341463415,0.004536585365853658
2021-10,simp,315,-0.37209206349206353,0.003907936507936508
2021-11,simp,262,-0.3735381679389313,0.00350381679389313
2021-12,simp,128,-0.230984375,0.0014765625
2022-01,simp,107,-0.2862710280373832,0.0015981308411214955
2022-02,simp,110,-0.31911818181818186,0.001190909090909091
2022-03,simp,94,-0.32470212765957446,0.0008936170212765958
2022-04,simp,93,-0.2141505376344086,0.0007956989247311828
2022-05,simp,94,-0.25670212765957445,0.0010106382978723404
2023-04,skibidi,98,0.246734693877551,0.0014999999999999998
2023-05,skibidi,157,0.26687898089171974,0.002464968152866242
2023-06,skibidi,195,0.2889333333333333,0.0028512820512820516
2023-07,skibidi,267,0.3100674157303371,0.003779026217228464
2023-08,skibidi,326,0.30061656441717793,0.005291411042944786
2023-09,skibidi,394,0.3188096446700508,0.0061928934010152285
2023-10,skibidi,450,0.2867577777777778,0.0067822222222222225
2023-11,skibidi,431,0.29785150812064964,0.007740139211136891
2023-12,skibidi,564,0.2714095744680851,0.008432624113475177
2024-01,skibidi,579,0.261293609671848,0.010174438687392056
2024-02,skibidi,559,0.30235420393559925,0.010615384615384615
2024-03,skibidi,614,0.2592801302931596,0.011868078175895766
2024-04,skibidi,558,0.2857347670250896,0.012557347670250895
2024-05,skibidi,581,0.2721342512908778,0.013161790017211704
2024-06,skibidi,562,0.27192170818505335,0.014284697508896799
2024-07,skibidi,527,0.26918406072106266,0.013387096774193547
2024-08,skibidi,528,0.2698352272727273,0.011839015151515152
2024-09,skibidi,529,0.23960113421550094,0.01286578449905482
2024-10,skibidi,567,0.23349029982363317,0.00956437389770723
2024-11,skibidi,539,0.22874025974025974,0.009647495361781076
2024-12,skibidi,580,0.2341793103448276,0.011122413793103447
2025-01,skibidi,538,0.2108085501858736,0.008392193308550185
2025-02,skibidi,451,0.2402949002217295,0.007412416851441242
2025-03,skibidi,453,0.25469094922737306,0.006966887417218543
2025-04,skibidi,397,0.2012846347607053,0.006335012594458438
2025-05,skibidi,376,0.2789867021276596,0.005186170212765957
2025-06,skibidi,328,0.24265243902439027,0.008009146341463415
2025-07,skibidi,287,0.22125435540069685,0.00435191637630662
2025-08,skibidi,119,0.23514285714285713,0.002184873949579832
2025-09,skibidi,112,0.20755357142857142,0.0015089285714285714
2025-10,skibidi,89,0.19978651685393256,0.0014719101123595506
2025-11,skibidi,93,0.31304301075268814,0.0011720430107526882
2025-12,skibidi,82,0.18228048780487804,0.001524390243902439
2020-01,slaps,639,0.4726541471048514,0.013300469483568077
2020-02,slaps,560,0.43831785714285715,0.011792857142857143
2020-03,slaps,576,0.4713246527777778,0.01296875
2020-04,slaps,521,0.42853166986564295,0.011241842610364684
2020-05,slaps,621,0.4721884057971014,0.01296135265700483
2020-06,slaps,554,0.44226173285198556,0.009463898916967509
2020-07,slaps,575,0.4446052173913043,0.011045217391304348
2020-08,slaps,552,0.4011340579710145,0.010750000000000001
2020-09,slaps,549,0.4694918032786885,0.010145719489981785
2020-10,slaps,587,0.47953321976149915,0.008579216354344122
2020-11,slaps,531,0.4063032015065913,0.0080075329566855
2020-12,slaps,530,0.3986943396226415,0.0076075471698113205
2021-01,slaps,539,0.44133395176252316,0.006896103896103897
2021-02,slaps,454,0.47943392070484586,0.006341409691629956
2021-03,slaps,476,0.4156113445378151,0.0062731092436974795
2021-04,slaps,399,0.441531328320802,0.0052055137844611524
2021-05,slaps,403,0.4206451612903226,0.005863523573200993
2021-06,slaps,366,0.44625409836065577,0.005002732240437158
2021-07,slaps,308,0.45605194805194804,0.004305194805194806
2021-08,slaps,299,0.38768896321070234,0.003434782608695652
2021-09,slaps,232,0.4244439655172414,0.0033448275862068967
2021-10,slaps,114,0.4276842105263158,0.0013859649122807017
2021-11,slaps,100,0.43916,0.0014399999999999999
2021-12,slaps,112,0.47877678571428567,0.0012232142857142858
2022-01,slaps,101,0.433019801980198,0.0010891089108910892
2022-02,slaps,87,0.4331149425287356,0.0010804597701149425
2022-03,slaps,87,0.3910574712643678,0.0005747126436781609
2020-08,slay,99,0.42326262626262623,0.001686868686868687
2020-09,slay,148,0.4771621621621622,0.0023716216216216213
2020-10,slay,178,0.42725280898876405,0.0029831460674157304
2020-11,slay,211,0.4686682464454976,0.0042701421800947865
2020-12,slay,254,0.4669291338582677,0.004618110236220473
2021-01,slay,322,0.48768012422360246,0.0052049689440993785
2021-02,slay,325,0.45588307692307695,0.006649230769230769
2021-03,slay,399,0.48703007518796987,0.007553884711779449
2021-04,slay,399,0.49431077694235587,0.007546365914786968
2021-05,slay,449,0.49079064587973276,0.01274610244988864
2021-06,slay,467,0.48849678800856533,0.007890792291220557
2021-07,slay,544,0.45496875000000003,0.009595588235294118
2021-08,slay,564,0.4564734042553192,0.010124113475177304
2021-09,slay,602,0.49543023255813956,0.01105813953488372
2021-10,slay,563,0.4666394316163411,0.014570159857904084
2021-11,slay,534,0.4832940074906367,0.012780898876404495
2021-12,slay,600,0.4650566666666667,0.013479999999999999
2022-01,slay,576,0.45842708333333326,0.013661458333333333
2022-02,slay,505,0.45018613861386136,0.01434059405940594
2022-03,slay,578,0.466204152249135,0.016228373702422146
2022-04,slay,587,0.4399642248722317,0.017654173764906304
2022-05,slay,556,0.47442625899280577,0.016133093525179856
2022-06,slay,517,0.4483655705996132,0.01762669245647969
2022-07,slay,568,0.4661390845070422,0.015
2022-08,slay,576,0.4755052083333334,0.013868055555555557
2022-09,slay,589,0.4711544991511035,0.014816638370118845
2022-10,slay,533,0.46864915572232646,0.011675422138836773
2022-11,slay,494,0.4116599190283401,0.012384615384615385
2022-12,slay,549,0.44947723132969036,0.012211293260473589
2023-01,slay,621,0.4410273752012882,0.010774557165861513
2023-02,slay,483,0.4188488612836439,0.010095238095238096
2023-03,slay,526,0.43811977186311785,0.009828897338403041
2023-04,slay,530,0.45666792452830185,0.009711320754716982
2023-05,slay,515,0.44471844660194176,0.011283495145631067
2023-06,slay,402,0.42341293532338303,0.008380597014925372
2023-07,slay,437,0.4651189931350114,0.007583524027459955
2023-08,slay,367,0.41176021798365126,0.009912806539509536
2023-09,slay,348,0.4460431034482759,0.007281609195402298
2023-10,slay,325,0.43848615384615386,0.006058461538461539
2023-11,slay,300,0.39505,0.00512
2023-12,slay,287,0.4283693379790941,0.00418815331010453
2024-01,slay,111,0.4173243243243243,0.001990990990990991
2024-02,slay,104,0.42547115384615386,0.001980769230769231
2024-03,slay,84,0.435,0.0016666666666666668
2024-04,slay,101,0.526009900990099,0.0012871287128712872
2024-05,slay,95,0.4769052631578947,0.0012842105263157894
2024-06,slay,82,0.392890243902439,0.0011829268292682926
2021-09,snatched,111,0.29715315315315316,0.0016306306306306305
2021-10,snatched,173,0.33997109826589594,0.0024104046242774567
2021-11,snatched,208,0.43348557692307693,0.0031009615384615385
2021-12,snatched,280,0.3437607142857143,0.004189285714285715
2022-01,snatched,324,0.3480246913580247,0.004796296296296297
2022-02,snatched,315,0.3261809523809524,0.006434920634920635
2022-03,snatched,423,0.3371560283687943,0.006817966903073285
2022-04,snatched,461,0.3583904555314533,0.008054229934924079
2022-05,snatched,520,0.3489519230769231,0.010353846153846154
2022-06,snatched,543,0.3679852670349908,0.009990791896869244
2022-07,snatched,588,0.4089982993197279,0.010666666666666666
2022-08,snatched,581,0.3781652323580034,0.012685025817555939
2022-09,snatched,581,0.3923115318416523,0.011941480206540447
2022-10,snatched,585,0.3384358974358974,0.012950427350427349
2022-11,snatched,554,0.3854205776173285,0.014886281588447653
2022-12,snatched,563,0.35874067495559503,0.013648312611012434
2023-01,snatched,613,0.354510603588907,0.01336215334420881
2023-02,snatched,513,0.3221091617933723,0.012645224171539961
2023-03,snatched,605,0.31232396694214876,0.01379504132231405
2023-04,snatched,550,0.3390563636363636,0.011047272727272727
2023-05,snatched,556,0.3385611510791367,0.010595323741007195
2023-06,snatched,531,0.353060263653484,0.011220338983050847
2023-07,snatched,560,0.3191767857142857,0.012828571428571429
2023-08,snatched,627,0.3160542264752791,0.009253588516746411
2023-09,snatched,501,0.3202055888223553,0.00877445109780439
2023-10,snatched,489,0.305920245398773,0.007891615541922291
2023-11,snatched,442,0.35514705882352937,0.007441176470588236
2023-12,snatched,440,0.361425,0.006981818181818182
2024-01,snatched,399,0.3030927318295739,0.007245614035087719
2024-02,snatched,312,0.28272435897435894,0.005525641025641025
2024-03,snatched,341,0.31245454545454543,0.004903225806451613
2024-04,snatched,308,0.3149642857142857,0.004055194805194806
2024-05,snatched,125,0.33576,0.0018160000000000001
2024-06,snatched,124,0.36515322580645165,0.0016290322580645162
2024-07,snatched,105,0.37134285714285714,0.0013904761904761905
2024-08,snatched,86,0.3077093023255814,0.0013023255813953488
2024-09,snatched,92,0.41404347826086957,0.0010760869565217392
2024-10,snatched,72,0.43422222222222223,0.0010277777777777776
2021-11,touch grass,110,-0.36156363636363636,0.0015181818181818183
2021-12,touch grass,239,-0.3207907949790795,0.003376569037656904
2022-01,touch grass,295,-0.33949830508474577,0.004928813559322034
2022-02,touch grass,368,-0.3624646739130435,0.005546195652173913
2022-03,touch grass,513,-0.3201481481481481,0.007364522417153996
2022-04,touch grass,576,-0.35765104166666667,0.010397569444444444
2022-05,touch grass,586,-0.3659266211604095,0.01043174061433447
2022-06,touch grass,524,-0.36205725190839694,0.011368320610687023
2022-07,touch grass,576,-0.3361423611111111,0.013027777777777777
2022-08,touch grass,587,-0.346427597955707,0.01115161839863714
2022-09,touch grass,565,-0.3625451327433628,0.01248495575221239
2022-10,touch grass,597,-0.34196314907872694,0.009780569514237857
2022-11,touch grass,559,-0.33793023255813953,0.00912701252236136
2022-12,touch grass,579,-0.3151364421416235,0.009041450777202073
2023-01,touch grass,592,-0.35042060810810816,0.008052364864864865
2023-02,touch grass,507,-0.3380197238658777,0.0069743589743589745
2023-03,touch grass,482,-0.3560373443983402,0.0064709543568464735
2023-04,touch grass,447,-0.39083892617449667,0.006091722595078299
2023-05,touch grass,439,-0.3393462414578588,0.005585421412300683
2023-06,touch grass,388,-0.3349458762886598,0.006680412371134021
2023-07,touch grass,321,-0.34165109034267915,0.0067601246105919
2023-08,touch grass,270,-0.3527703703703704,0.0035629629629629627
2023-09,touch grass,147,-0.2947142857142857,0.0012448979591836735
2023-10,touch grass,104,-0.30727884615384615,0.001423076923076923
2023-11,touch grass,128,-0.3973125,0.001328125
2023-12,touch grass,98,-0.2567448979591837,0.0011836734693877551
2024-01,touch grass,87,-0.3929310344827586,0.0008735632183908046
2024-02,touch grass,73,-0.4036849315068493,0.000863013698630137
2021-01,understood the assignment,117,0.471974358974359,0.0016410256410256412
2021-02,understood the assignment,201,0.497318407960199,0.003467661691542289
2021-03,understood the assignment,357,0.4514705882352941,0.004148459383753501
2021-04,understood the assignment,426,0.4346666666666667,0.005603286384976526
2021-05,understood the assignment,497,0.5088350100603621,0.007472837022132797
2021-06,understood the assignment,538,0.4463736059479554,0.008741635687732343
2021-07,understood the assignment,611,0.48138788870703764,0.009661211129296235
2021-08,understood the assignment,589,0.4501443123938879,0.012463497453310697
2021-09,understood the assignment,576,0.4571354166666667,0.011385416666666667
2021-10,understood the assignment,609,0.46019047619047615,0.013305418719211821
2021-11,understood the assignment,555,0.45395855855855854,0.012398198198198198
2021-12,understood the assignment,587,0.434732538330494,0.010393526405451449
2022-01,understood the assignment,530,0.43311509433962264,0.010558490566037736
2022-02,understood the assignment,502,0.43907569721115536,0.009378486055776894
2022-03,understood the assignment,536,0.4503805970149254,0.010236940298507463
2022-04,understood the assignment,593,0.43238279932546375,0.008256323777403035
2022-05,understood the assignment,536,0.43222388059701494,0.009865671641791045
2022-06,understood the assignment,526,0.4440931558935361,0.007671102661596959
2022-07,understood the assignment,485,0.48350515463917526,0.008117525773195876
2022-08,understood the assignment,464,0.4610948275862069,0.006148706896551725
2022-09,understood the assignment,390,0.4095051282051282,0.005464102564102564
2022-10,understood the assignment,375,0.4516293333333333,0.005418666666666667
2022-11,understood the assignment,349,0.4358481375358166,0.005217765042979943
2022-12,understood the assignment,308,0.4447077922077922,0.004262987012987013
2023-01,understood the assignment,266,0.4561390977443609,0.0034586466165413537
2023-02,understood the assignment,117,0.48496581196581195,0.0014615384615384616
2023-03,understood the assignment,118,0.465271186440678,0.001576271186440678
2023-04,understood the assignment,115,0.3941391304347826,0.001165217391304348
2023-05,understood the assignment,110,0.3868181818181818,0.0011727272727272728
2023-06,understood the assignment,77,0.4333506493506494,0.0009350649350649352
2023-07,understood the assignment,78,0.4404487179487179,0.0010256410256410256
2022-08,unhinged,87,0.02665517241379311,0.001379310344827586
2022-09,unhinged,176,0.06344318181818182,0.0024545454545454545
2022-10,unhinged,257,0.021494163424124513,0.0036108949416342414
2022-11,unhinged,310,0.02024516129032258,0.004406451612903226
2022-12,unhinged,408,0.06449019607843137,0.007943627450980392
2023-01,unhinged,482,0.009765560165975105,0.006506224066390042
2023-02,unhinged,520,0.05381923076923077,0.008334615384615385
2023-03,unhinged,562,0.028491103202846976,0.008781138790035586
2023-04,unhinged,574,0.030977351916376305,0.009484320557491288
2023-05,unhinged,578,0.032846020761245674,0.010539792387543252
2023-06,unhinged,571,0.06577408056042032,0.010800350262697022
2023-07,unhinged,564,0.023163120567375888,0.012054964539007092
2023-08,unhinged,592,-0.019576013513513513,0.011072635135135135
2023-09,unhinged,537,0.017420856610800745,0.010039106145251397
2023-10,unhinged,588,0.02474829931972789,0.010207482993197278
2023-11,unhinged,546,-0.02996886446886447,0.00923992673992674
2023-12,unhinged,582,-0.0409020618556701,0.009328178694158076
2024-01,unhinged,612,-0.01822385620915033,0.008607843137254902
2024-02,unhinged,524,0.027860687022900763,0.007881679389312977
2024-03,unhinged,515,-0.005262135922330096,0.007048543689320388
2024-04,unhinged,486,0.023460905349794236,0.006090534979423868
2024-05,unhinged,444,0.006581081081081083,0.0059279279279279284
2024-06,unhinged,402,0.00888557213930348,0.004912935323383084
2024-07,unhinged,376,-0.0018936170212765949,0.004960106382978723
2024-08,unhinged,308,0.0019350649350649346,0.003568181818181818
2024-09,unhinged,289,-0.020401384083044982,0.003747404844290657
2024-10,unhinged,134,0.03169402985074627,0.0013582089552238805
2024-11,unhinged,116,-0.06814655172413793,0.0016551724137931034
2024-12,unhinged,104,-0.02176923076923077,0.001201923076923077
2025-01,unhinged,103,-0.06400970873786407,0.0013009708737864078
2025-02,unhinged,77,0.05777922077922079,0.0008441558441558442
2025-03,unhinged,74,0.01648648648648649,0.0008648648648648649
2021-06,valid,106,0.46071698113207543,0.0012924528301886794
2021-07,valid,188,0.4444414893617021,0.002372340425531915
2021-08,valid,196,0.4789285714285714,0.003142857142857143
2021-09,valid,294,0.506843537414966,0.003510204081632653
2021-10,valid,348,0.45152873563218393,0.004775862068965517
2021-11,valid,354,0.43754519774011297,0.005406779661016949
2021-12,valid,439,0.48412756264236906,0.005988610478359909
2022-01,valid,478,0.49299163179916317,0.006702928870292888
2022-02,valid,498,0.4652951807228916,0.00819277108433735
2022-03,valid,555,0.46710990990990986,0.007891891891891892
2022-04,valid,578,0.46555190311418687,0.010339100346020761
2022-05,valid,582,0.4407680412371134,0.01076975945017182
2022-06,valid,593,0.473866779089376,0.011038785834738617
2022-07,valid,586,0.47400511945392493,0.012744027303754266
2022-08,valid,546,0.41932051282051286,0.015945054945054944
2022-09,valid,520,0.4713288461538462,0.01444423076923077
2022-10,valid,581,0.4526368330464717,0.01230120481927711
2022-11,valid,545,0.47067889908256877,0.013381651376146789
2022-12,valid,578,0.43241176470588233,0.009657439446366782
2023-01,valid,571,0.42983187390542904,0.0083922942206655
2023-02,valid,513,0.43882846003898635,0.007775828460038986
2023-03,valid,584,0.46305136986301376,0.006957191780821917
2023-04,valid,460,0.43241739130434786,0.006960869565217391
2023-05,valid,442,0.4683257918552036,0.006341628959276018
2023-06,valid,387,0.4318139534883721,0.007434108527131784
2023-07,valid,372,0.4564650537634409,0.004868279569892473
2023-08,valid,316,0.4002658227848101,0.003863924050632912
2023-09,valid,270,0.4190851851851852,0.0040074074074074074
2023-10,valid,113,0.3713097345132743,0.0013539823008849557
2023-11,valid,126,0.43703174603174605,0.0010238095238095238
2023-12,valid,101,0.44692079207920793,0.001316831683168317
2024-01,valid,96,0.47432291666666665,0.0009895833333333334
2024-02,valid,87,0.4939080459770115,0.0009655172413793104
2024-03,valid,66,0.3953030303030303,0.000803030303030303
2024-07,very mindful,266,0.37101503759398496,0.005484962406015038
2024-08,very mindful,577,0.3318526863084922,0.013738301559792028
2024-09,very mindful,554,0.3232310469314079,0.01634476534296029
2024-10,very mindful,560,0.33115,0.0190875
2024-11,very mindful,560,0.31750535714285716,0.010825000000000001
2024-12,very mindful,497,0.28836217303822936,0.009963782696177063
2025-01,very mindful,422,0.2986682464454976,0.007860189573459716
2025-02,very mindful,249,0.28114056224899603,0.005433734939759036
2025-03,very mindful,131,0.26074809160305346,0.002351145038167939
2025-04,very mindful,113,0.28561946902654867,0.00184070796460177
2025-05,very mindful,100,0.287,0.00164
2025-06,very mindful,98,0.29412244897959183,0.0014693877551020407
2025-07,very mindful,83,0.2679879518072289,0.0015180722891566265
2025-08,very mindful,76,0.20711842105263156,0.001105263157894737
2020-01,vibe check,492,0.23365447154471544,0.010351626016260163
2020-02,vibe check,516,0.24955038759689924,0.012978682170542636
2020-03,vibe check,561,0.24540106951871654,0.016098039215686276
2020-04,vibe check,549,0.24615846994535517,0.015081967213114753
2020-05,vibe check,604,0.24493874172185431,0.0173841059602649
2020-06,vibe check,541,0.2270369685767098,0.0135637707948244
2020-07,vibe check,587,0.1990885860306644,0.014850085178875639
2020-08,vibe check,582,0.2021615120274914,0.01343127147766323
2020-09,vibe check,573,0.24762129144851658,0.01457940663176265
2020-10,vibe check,586,0.2277952218430034,0.010616040955631399
2020-11,vibe check,571,0.21732399299474606,0.010742556917688266
2020-12,vibe check,562,0.19629893238434162,0.0136067615658363
2021-01,vibe check,506,0.20161857707509884,0.009626482213438734
2021-02,vibe check,368,0.20117391304347826,0.00978804347826087
2021-03,vibe check,440,0.19016136363636366,0.007556818181818182
2021-04,vibe check,414,0.20984541062801934,0.007103864734299517
2021-05,vibe check,368,0.22186141304347826,0.0065625
2021-06,vibe check,294,0.1837108843537415,0.005806122448979592
2021-07,vibe check,278,0.17419424460431657,0.005115107913669065
2021-08,vibe check,134,0.2531194029850746,0.001664179104477612
2021-09,vibe check,108,0.15386111111111112,0.0020092592592592592
2021-10,vibe check,102,0.19858823529411765,0.0017941176470588234
2021-11,vibe check,91,0.15974725274725277,0.0011868131868131868
2021-12,vibe check,100,0.24877,0.00169
2022-01,vibe check,67,0.2262089552238806,0.001119402985074627
2024-01,yapping,112,0.0669375,0.0019642857142857144
2024-02,yapping,156,-0.005179487179487183,0.00283974358974359
2024-03,yapping,231,0.017757575757575757,0.004151515151515152
2024-04,yapping,293,-0.013153583617747438,0.004839590443686007
2024-05,yapping,350,0.04746857142857143,0.0057714285714285714
2024-06,yapping,410,-0.008629268292682927,0.00763170731707317
2024-07,yapping,442,0.0019773755656108593,0.008585972850678733
2024-08,yapping,568,0.06628169014084508,0.009897887323943661
2024-09,yapping,566,0.011028268551236748,0.014128975265017668
2024-10,yapping,551,-0.0028384754990925616,0.01207803992740472
2024-11,yapping,541,0.0027911275415896486,0.015118299445471349
2024-12,yapping,632,0.006305379746835441,0.015373417721518986
2025-01,yapping,578,-0.006787197231833909,0.014520761245674741
2025-02,yapping,516,-0.01737596899224806,0.015709302325581397
2025-03,yapping,549,-0.03739344262295082,0.014788706739526411
2025-04,yapping,572,0.003223776223776223,0.015503496503496503
2025-05,yapping,561,0.0016078431372549013,0.01384313725490196
2025-06,yapping,574,0.0036951219512195137,0.012646341463414635
2025-07,yapping,585,-0.004509401709401709,0.013078632478632479
2025-08,yapping,579,-0.05550259067357514,0.012901554404145078
2025-09,yapping,536,-0.0009272388059701482,0.010972014925373134
2025-10,yapping,543,0.02303314917127072,0.010534069981583793
2025-11,yapping,467,0.012115631691648822,0.009406852248394004
2025-12,yapping,493,0.005146044624746452,0.008109533468559837
