year,origin_platform,posts,unique_terms
2024,TikTok,73618,20
2023,TikTok,66983,17
2022,TikTok,43881,12
2025,TikTok,41836,15
2021,TikTok,37866,8
2021,Twitter,37797,9
2022,Twitter,37303,9
2020,Twitter,24577,5
2023,Twitter,21319,7
2024,YouTube,16578,3
2025,YouTube,16120,3
2024,Twitch,14515,3
2020,Reddit,14171,3
2021,Reddit,14030,3
2020,TikTok,13844,4
2023,Twitch,8451,3
2022,Reddit,7577,3
2022,Twitch,6548,1
2023,Instagram,6427,1
2022,Instagram,6038,1
2023,YouTube,5669,2
2024,Twitter,5602,4
2023,Reddit,5157,1
2025,Twitch,4799,2
2024,Instagram,1964,1
2021,Twitch,1132,1
2021,Instagram,772,1
2024,Reddit,568,1
2025,Twitter,254,1
