year,usage_platform,posts,unique_terms
2024,TikTok,49680,32
2023,TikTok,48093,31
2022,TikTok,37877,26
2021,TikTok,33761,22
2025,TikTok,28225,21
2022,Twitter,27116,26
2021,Twitter,25236,22
2023,Twitter,23805,31
2024,Twitter,19084,32
2020,TikTok,17002,12
2023,Instagram,16461,31
2020,Twitter,15637,12
2022,Instagram,14618,26
2024,Instagram,14604,32
2021,Instagram,11828,22
2024,YouTube,11338,32
2021,Reddit,10641,22
2025,Twitter,9739,21
2023,Reddit,9540,31
2022,Reddit,9125,26
2025,YouTube,8293,21
2024,Reddit,8219,32
2023,YouTube,7955,31
2020,Reddit,7927,12
2025,Instagram,7874,21
2024,Twitch,7537,32
2020,Instagram,6581,12
2023,Twitch,5783,31
2022,YouTube,5677,26
2021,YouTube,5199,22
2022,Twitch,4801,26
2025,Reddit,4466,21
2025,Twitch,3167,20
2021,Twitch,2917,22
2020,YouTube,2874,12
2024,Discord,2383,32
2023,Discord,2369,31
2022,Discord,2133,25
2021,Discord,2015,22
2020,Twitch,1487,12
2025,Discord,1245,21
2020,Discord,1084,12
