word,tweets,avg_sentiment_score,positive_share,neutral_share,negative_share
skeevy,515,0.06496019417475729,0.3844660194174757,0.32427184466019415,0.2912621359223301
sis,494,0.26497145748987855,0.5344129554655871,0.30364372469635625,0.16194331983805668
bro,490,0.22954244897959186,0.5469387755102041,0.3020408163265306,0.1510204081632653
lemme,490,0.13949530612244898,0.43673469387755104,0.38571428571428573,0.17755102040816326
lame-o,487,0.13871252566735112,0.45585215605749485,0.3162217659137577,0.22792607802874743
sicc,483,-0.01927225672877847,0.3084886128364389,0.36231884057971014,0.32919254658385094
zooted,482,0.11594128630705394,0.3630705394190871,0.45643153526970953,0.18049792531120332
BFFL,473,0.2956338266384778,0.587737843551797,0.25792811839323465,0.1543340380549683
compy,469,0.10044605543710021,0.44349680170575695,0.279317697228145,0.2771855010660981
pregos,459,0.1339028322440087,0.4466230936819172,0.29411764705882354,0.25925925925925924
crappy,455,-0.31459538461538467,0.22637362637362637,0.03076923076923077,0.7428571428571429
poopy,454,0.1037,0.3876651982378855,0.3832599118942731,0.2290748898678414
sesh,451,0.2293643015521064,0.5055432372505543,0.34811529933481156,0.14634146341463414
peeps,442,0.274489592760181,0.5565610859728507,0.2986425339366516,0.14479638009049775
dis,442,0.026036199095022628,0.40497737556561086,0.24434389140271492,0.3506787330316742
mozzie,441,0.05073378684807256,0.40816326530612246,0.23809523809523808,0.35374149659863946
shiesty,439,-0.033901822323462415,0.32801822323462415,0.2733485193621868,0.39863325740318906
tweeker,435,0.15462367816091954,0.49195402298850577,0.25287356321839083,0.25517241379310346
twit,434,0.21600092165898618,0.5138248847926268,0.34101382488479265,0.14516129032258066
wut,432,0.12730462962962963,0.3958333333333333,0.41203703703703703,0.19212962962962962
linner,430,0.22963139534883723,0.4697674418604651,0.4116279069767442,0.1186046511627907
gansta,430,0.08701558139534883,0.4232558139534884,0.30930232558139537,0.26744186046511625
pedo,426,0.1655661971830986,0.5,0.27230046948356806,0.22769953051643194
mosey,421,0.16064893111638956,0.44418052256532065,0.38954869358669836,0.166270783847981
grub,419,0.13887756563245823,0.3747016706443914,0.4916467780429594,0.13365155131264916
badass,416,0.10252548076923076,0.47596153846153844,0.09134615384615384,0.4326923076923077
bumfuck,415,0.021365301204819276,0.3542168674698795,0.3301204819277108,0.3156626506024096
gotsta,414,0.14379903381642511,0.4444444444444444,0.34782608695652173,0.20772946859903382
rachet,409,-0.024141075794621027,0.3422982885085575,0.2762836185819071,0.38141809290953543
gangsta,408,0.10043823529411765,0.4534313725490196,0.3088235294117647,0.23774509803921567
conniption,400,0.11276875,0.4475,0.3125,0.24
whooty,399,0.1897796992481203,0.44110275689223055,0.41353383458646614,0.14536340852130325
CBA,398,0.05561733668341708,0.38190954773869346,0.3165829145728643,0.3015075376884422
KMT,397,-0.07335365239294711,0.2695214105793451,0.34005037783375314,0.3904282115869018
hells,393,0.26382798982188294,0.6743002544529262,0.13486005089058525,0.19083969465648856
motherfucking,392,-0.5486502551020408,0.10714285714285714,0.017857142857142856,0.875
prettyful,391,0.3001552429667519,0.578005115089514,0.31202046035805625,0.10997442455242967
gnarly,391,0.15276317135549872,0.46547314578005117,0.309462915601023,0.22506393861892582
gunt,387,0.02634186046511628,0.28940568475452194,0.4702842377260982,0.24031007751937986
annihilated,380,0.07884394736842106,0.41578947368421054,0.32105263157894737,0.2631578947368421
snitch,377,0.005718037135278514,0.3448275862068966,0.3156498673740053,0.3395225464190981
F2F,371,0.33722614555256064,0.6388140161725068,0.261455525606469,0.09973045822102426
roofie,369,0.13655555555555557,0.44173441734417346,0.31978319783197834,0.23848238482384823
AWOL,347,-0.18858645533141208,0.2824207492795389,0.05475504322766571,0.6628242074927954
rad,344,0.2828718023255814,0.6046511627906976,0.25290697674418605,0.14244186046511628
pecker,340,0.07427294117647058,0.39705882352941174,0.3205882352941177,0.2823529411764706
gag,340,-0.1224785294117647,0.35294117647058826,0.08529411764705883,0.5617647058823529
tenner,335,0.2335176119402985,0.5402985074626866,0.26865671641791045,0.191044776119403
revert,330,0.1092060606060606,0.47878787878787876,0.24545454545454545,0.27575757575757576
whadja,327,0.1615388379204893,0.327217125382263,0.581039755351682,0.09174311926605505
God,320,0.4417728125,0.821875,0.040625,0.1375
McDreamy,305,0.24248590163934428,0.5672131147540984,0.26229508196721313,0.17049180327868851
walkie,289,0.12910553633217994,0.4532871972318339,0.356401384083045,0.1903114186851211
DFTBA,288,0.3321479166666667,0.6284722222222222,0.24305555555555555,0.1284722222222222
next-level,279,0.09005340501792115,0.3835125448028674,0.35842293906810035,0.25806451612903225
chillax,278,0.24050971223021583,0.539568345323741,0.3057553956834532,0.15467625899280577
workaround,273,0.07875457875457875,0.42124542124542125,0.28205128205128205,0.2967032967032967
dudette,272,0.2594959558823529,0.5404411764705882,0.3014705882352941,0.15808823529411764
locks,268,0.1475216417910448,0.4925373134328358,0.24253731343283583,0.26492537313432835
IBT,260,0.18588615384615384,0.47692307692307695,0.35,0.17307692307692307
booty,251,0.18977848605577688,0.5139442231075697,0.29880478087649404,0.18725099601593626
duckface,250,0.1523648,0.44,0.376,0.184
kosher,249,0.13136425702811244,0.40160642570281124,0.42971887550200805,0.1686746987951807
dafuq,248,0.02463467741935484,0.3588709677419355,0.35080645161290325,0.2903225806451613
lowkey,246,0.18861219512195124,0.556910569105691,0.2073170731707317,0.23577235772357724
bromance,245,0.30800244897959184,0.6040816326530613,0.2816326530612245,0.11428571428571428
gridlock,236,0.043208898305084745,0.3601694915254237,0.3347457627118644,0.3050847457627119
thirsty,235,0.0006242553191489373,0.2851063829787234,0.41702127659574467,0.2978723404255319
dang,231,0.07421212121212122,0.4025974025974026,0.30735930735930733,0.29004329004329005
shtick,229,0.1109580786026201,0.4847161572052402,0.21397379912663755,0.30131004366812225
slore,215,0.0607293023255814,0.37209302325581395,0.3209302325581395,0.30697674418604654
Bible-thumping,215,-0.06856837209302324,0.386046511627907,0.17674418604651163,0.4372093023255814
GLHF,210,0.17363142857142858,0.4666666666666667,0.3380952380952381,0.19523809523809524
okee-doke,204,0.21590490196078432,0.43137254901960786,0.49019607843137253,0.0784313725490196
fap,202,0.21685841584158416,0.5247524752475248,0.2623762376237624,0.21287128712871287
threads,200,0.163887,0.5,0.295,0.205
freckle,196,0.13939744897959183,0.4744897959183674,0.27040816326530615,0.25510204081632654
rapey,196,0.09472244897959184,0.44387755102040816,0.29081632653061223,0.2653061224489796
sinse,191,0.1758560209424084,0.49214659685863876,0.2617801047120419,0.24607329842931938
jabroni,191,0.03235130890052356,0.3036649214659686,0.4293193717277487,0.2670157068062827
trisexual,188,0.13705691489361702,0.40425531914893614,0.425531914893617,0.1702127659574468
relly,187,0.28261764705882353,0.5775401069518716,0.2994652406417112,0.12299465240641712
sucky,187,-0.2681331550802139,0.2620320855614973,0.03208556149732621,0.7058823529411765
zounds,186,0.13333602150537635,0.3978494623655914,0.44086021505376344,0.16129032258064516
fanboy,185,0.21661459459459462,0.518918918918919,0.3081081081081081,0.17297297297297298
shiznat,184,0.12820652173913044,0.391304347826087,0.41304347826086957,0.1956521739130435
SCNR,184,0.12401413043478261,0.42934782608695654,0.3532608695652174,0.21739130434782608
chones,183,0.16312240437158468,0.4644808743169399,0.32786885245901637,0.20765027322404372
spam,182,-0.12531923076923077,0.34615384615384615,0.054945054945054944,0.5989010989010989
jerkwad,176,-0.024857386363636366,0.3409090909090909,0.2897727272727273,0.3693181818181818
styling,173,0.34106705202312143,0.6416184971098265,0.21965317919075145,0.13872832369942195
celebutante,173,0.14964971098265895,0.5086705202312138,0.27167630057803466,0.21965317919075145
gayborhood,165,0.2792460606060606,0.5878787878787879,0.2727272727272727,0.1393939393939394
soused,163,0.22201533742331286,0.558282208588957,0.25766871165644173,0.18404907975460122
blankie,157,0.21231656050955414,0.535031847133758,0.267515923566879,0.19745222929936307
TBA,156,0.2675897435897436,0.5705128205128205,0.32051282051282054,0.10897435897435898
rehab,156,0.1085076923076923,0.46153846153846156,0.26282051282051283,0.27564102564102566
slack-jawed,153,0.06140130718954249,0.41830065359477125,0.2875816993464052,0.29411764705882354
blowjob,147,0.0748639455782313,0.4421768707482993,0.272108843537415,0.2857142857142857
shart,145,0.12041172413793104,0.42758620689655175,0.3448275862068966,0.22758620689655173
thingamabob,144,0.18388333333333332,0.4930555555555556,0.3194444444444444,0.1875
tool,142,0.2580725352112676,0.5492957746478874,0.3380281690140845,0.11267605633802817
hypermiler,141,0.21279432624113476,0.524822695035461,0.3262411347517731,0.14893617021276595
blumpkin,140,0.06020071428571429,0.39285714285714285,0.32142857142857145,0.2857142857142857
colitas,137,0.3693255474452555,0.8102189781021898,0.1386861313868613,0.051094890510948905
crock,136,0.054840441176470585,0.4485294117647059,0.16176470588235295,0.3897058823529412
Baltimoron,134,0.23502537313432836,0.5746268656716418,0.23134328358208955,0.19402985074626866
zombie,133,0.18127293233082709,0.5263157894736842,0.24060150375939848,0.23308270676691728
bomb,133,0.018781954887218042,0.46616541353383456,0.05263157894736842,0.48120300751879697
bodice-ripper,128,0.26868359375,0.5546875,0.265625,0.1796875
money,128,0.17425234375,0.5546875,0.1953125,0.25
bupkis,127,0.07376299212598425,0.41732283464566927,0.29133858267716534,0.29133858267716534
gorp,125,0.1649304,0.432,0.416,0.152
glitterati,124,0.2747379032258065,0.5564516129032258,0.33064516129032256,0.11290322580645161
bling,123,0.18209349593495935,0.4065040650406504,0.45528455284552843,0.13821138211382114
fidiot,122,0.0573327868852459,0.3442622950819672,0.39344262295081966,0.26229508196721313
hasbian,119,0.16240084033613447,0.42016806722689076,0.4369747899159664,0.14285714285714285
streak,118,0.24273474576271187,0.5932203389830508,0.1694915254237288,0.23728813559322035
carny,118,0.13402033898305085,0.423728813559322,0.3559322033898305,0.22033898305084745
horribad,117,0.05204358974358975,0.39316239316239315,0.29914529914529914,0.3076923076923077
spec-ops,116,0.13561637931034484,0.5086206896551724,0.1896551724137931,0.3017241379310345
plastered,110,0.20981,0.509090909090909,0.2909090909090909,0.2
a-list,108,0.2079490740740741,0.4722222222222222,0.3425925925925926,0.18518518518518517
roshambo,105,0.18067809523809522,0.47619047619047616,0.3238095238095238,0.2
punanni,99,0.04597474747474748,0.40404040404040403,0.29292929292929293,0.30303030303030304
bonehead,98,0.03043775510204081,0.3979591836734694,0.2653061224489796,0.336734693877551
fire,96,-0.1508625,0.2916666666666667,0.08333333333333333,0.625
bowl,90,0.2705877777777778,0.5333333333333333,0.36666666666666664,0.1
flutterby,84,0.3803392857142857,0.7023809523809523,0.2261904761904762,0.07142857142857142
meme,82,0.0688560975609756,0.36585365853658536,0.3780487804878049,0.25609756097560976
dogg,81,0.13760987654320989,0.48148148148148145,0.345679012345679,0.1728395061728395
netizen,74,0.02276756756756756,0.3783783783783784,0.28378378378378377,0.33783783783783783
SWF,73,0.13903013698630137,0.3972602739726027,0.4246575342465753,0.1780821917808219
jalopy,68,0.14554999999999998,0.5,0.3088235294117647,0.19117647058823528
sploof,68,0.08394558823529412,0.3088235294117647,0.4852941176470588,0.20588235294117646
skeeter,61,0.2838049180327869,0.6885245901639344,0.09836065573770492,0.21311475409836064
crowdsourcing,59,0.24752033898305084,0.5423728813559322,0.3389830508474576,0.11864406779661017
nuker,47,0.11829148936170214,0.3617021276595745,0.46808510638297873,0.1702127659574468
preemie,43,0.24737674418604652,0.5813953488372093,0.2558139534883721,0.16279069767441862
skyrocket,43,0.19991627906976747,0.5581395348837209,0.20930232558139536,0.23255813953488372
crossfade,38,0.09557105263157896,0.34210526315789475,0.47368421052631576,0.18421052631578946
ent,34,0.0026058823529411836,0.4411764705882353,0.20588235294117646,0.35294117647058826
jill,32,0.320721875,0.6875,0.15625,0.15625
Brotox,25,0.128708,0.4,0.52,0.08
zories,23,0.12014347826086957,0.30434782608695654,0.5217391304347826,0.17391304347826086
spec,22,0.21102727272727273,0.5454545454545454,0.2727272727272727,0.18181818181818182
tardnation,19,0.2368,0.5789473684210527,0.21052631578947367,0.21052631578947367
incel,18,0.02224444444444445,0.4444444444444444,0.3333333333333333,0.2222222222222222
YooKay,12,0.022416666666666665,0.25,0.5,0.25
wang,11,0.16946363636363637,0.6363636363636364,0.18181818181818182,0.18181818181818182
sport,10,0.62129,1.0,0.0,0.0
compo,2,-0.5605,0.0,0.0,1.0
