month,word,tweets,ironic_share
2010-01,AWOL,39,0.0
2010-02,AWOL,59,0.0
2010-03,AWOL,22,0.0
2010-04,AWOL,41,0.0
2010-05,AWOL,21,0.0
2010-06,AWOL,18,0.0
2010-07,AWOL,36,0.0
2010-08,AWOL,20,0.0
2010-09,AWOL,21,0.0
2010-10,AWOL,41,0.0
2010-11,AWOL,16,0.0
2010-12,AWOL,13,0.0
2010-01,BFFL,20,0.0
2010-02,BFFL,39,0.0
2010-03,BFFL,68,0.0
2010-04,BFFL,26,0.0
2010-05,BFFL,67,0.0
2010-06,BFFL,10,0.0
2010-07,BFFL,20,0.0
2010-08,BFFL,19,0.0
2010-09,BFFL,49,0.0
2010-10,BFFL,40,0.0
2010-11,BFFL,29,0.0
2010-12,BFFL,86,0.023255813953488372
2010-01,Baltimoron,11,0.0
2010-02,Baltimoron,8,0.0
2010-03,Baltimoron,11,0.0
2010-04,Baltimoron,10,0.0
2010-05,Baltimoron,7,0.0
2010-06,Baltimoron,7,0.0
2010-07,Baltimoron,9,0.0
2010-08,Baltimoron,9,0.0
2010-09,Baltimoron,14,0.0
2010-10,Baltimoron,16,0.0
2010-11,Baltimoron,12,0.0
2010-12,Baltimoron,17,0.0
2011-01,Baltimoron,3,0.0
2010-01,Bible-thumping,8,0.0
2010-02,Bible-thumping,14,0.0
2010-03,Bible-thumping,8,0.0
2010-04,Bible-thumping,17,0.0
2010-05,Bible-thumping,20,0.0
2010-06,Bible-thumping,32,0.03125
2010-07,Bible-thumping,18,0.05555555555555555
2010-08,Bible-thumping,1,0.0
2010-09,Bible-thumping,32,0.0
2010-10,Bible-thumping,11,0.0
2010-11,Bible-thumping,31,0.0
2010-12,Bible-thumping,23,0.0
2010-01,Brotox,5,0.2
2010-02,Brotox,1,0.0
2010-03,Brotox,4,0.0
2010-05,Brotox,2,0.0
2010-06,Brotox,4,0.0
2010-07,Brotox,1,0.0
2010-08,Brotox,2,0.0
2010-09,Brotox,1,0.0
2010-10,Brotox,1,0.0
2010-11,Brotox,1,0.0
2010-12,Brotox,3,0.0
2010-01,CBA,14,0.0
2010-02,CBA,51,0.0
2010-03,CBA,39,0.0
2010-04,CBA,36,0.0
2010-05,CBA,51,0.0
2010-06,CBA,23,0.0
2010-07,CBA,15,0.0
2010-08,CBA,16,0.0
2010-09,CBA,31,0.0
2010-10,CBA,24,0.0
2010-11,CBA,45,0.0
2010-12,CBA,53,0.0
2010-01,DFTBA,22,0.0
2010-02,DFTBA,16,0.0
2010-03,DFTBA,31,0.0
2010-04,DFTBA,18,0.0
2010-05,DFTBA,26,0.0
2010-06,DFTBA,16,0.0
2010-07,DFTBA,30,0.0
2010-08,DFTBA,14,0.07142857142857142
2010-09,DFTBA,36,0.0
2010-10,DFTBA,21,0.0
2010-11,DFTBA,33,0.0
2010-12,DFTBA,25,0.0
2010-01,F2F,16,0.0
2010-02,F2F,13,0.0
2010-03,F2F,53,0.0
2010-04,F2F,50,0.0
2010-05,F2F,33,0.0
2010-06,F2F,7,0.0
2010-07,F2F,58,0.0
2010-08,F2F,14,0.0
2010-09,F2F,56,0.0
2010-10,F2F,16,0.0
2010-11,F2F,33,0.0
2010-12,F2F,22,0.0
2010-01,GLHF,13,0.0
2010-02,GLHF,5,0.0
2010-03,GLHF,7,0.0
2010-04,GLHF,10,0.0
2010-05,GLHF,46,0.0
2010-06,GLHF,9,0.0
2010-07,GLHF,21,0.0
2010-08,GLHF,26,0.0
2010-09,GLHF,22,0.0
2010-10,GLHF,11,0.0
2010-11,GLHF,24,0.0
2010-12,GLHF,16,0.0
2010-01,God,21,0.0
2010-02,God,27,0.0
2010-03,God,38,0.05263157894736842
2010-04,God,27,0.037037037037037035
2010-05,God,9,0.0
2010-06,God,18,0.0
2010-07,God,32,0.0
2010-08,God,26,0.0
2010-09,God,41,0.0
2010-10,God,28,0.0
2010-11,God,37,0.02702702702702703
2010-12,God,16,0.0
2010-01,IBT,30,0.0
2010-02,IBT,30,0.0
2010-03,IBT,16,0.0
2010-04,IBT,5,0.0
2010-05,IBT,22,0.0
2010-06,IBT,13,0.0
2010-07,IBT,21,0.0
2010-08,IBT,25,0.0
2010-09,IBT,31,0.0
2010-10,IBT,6,0.0
2010-11,IBT,52,0.0
2010-12,IBT,9,0.0
2010-01,KMT,43,0.0
2010-02,KMT,10,0.0
2010-03,KMT,25,0.0
2010-04,KMT,36,0.0
2010-05,KMT,38,0.0
2010-06,KMT,43,0.0
2010-07,KMT,49,0.0
2010-08,KMT,36,0.0
2010-09,KMT,34,0.0
2010-10,KMT,37,0.0
2010-11,KMT,15,0.0
2010-12,KMT,31,0.0
2010-01,McDreamy,18,0.0
2010-02,McDreamy,20,0.0
2010-03,McDreamy,40,0.0
2010-04,McDreamy,10,0.0
2010-05,McDreamy,30,0.0
2010-06,McDreamy,20,0.0
2010-08,McDreamy,59,0.0
2010-09,McDreamy,20,0.0
2010-10,McDreamy,20,0.0
2010-11,McDreamy,40,0.0
2010-12,McDreamy,18,0.0
2011-01,McDreamy,10,0.0
2010-01,SCNR,18,0.0
2010-02,SCNR,11,0.0
2010-03,SCNR,14,0.0
2010-04,SCNR,12,0.0
2010-05,SCNR,13,0.0
2010-06,SCNR,12,0.0
2010-07,SCNR,14,0.0
2010-08,SCNR,15,0.0
2010-09,SCNR,25,0.0
2010-10,SCNR,22,0.0
2010-11,SCNR,7,0.0
2010-12,SCNR,21,0.0
2010-02,SWF,6,0.0
2010-03,SWF,1,0.0
2010-04,SWF,10,0.0
2010-05,SWF,10,0.0
2010-06,SWF,12,0.0
2010-07,SWF,3,0.0
2010-08,SWF,13,0.0
2010-09,SWF,4,0.0
2010-10,SWF,5,0.0
2010-11,SWF,9,0.0
2010-01,TBA,13,0.0
2010-02,TBA,17,0.0
2010-03,TBA,21,0.0
2010-04,TBA,22,0.0
2010-05,TBA,7,0.0
2010-06,TBA,15,0.0
2010-07,TBA,5,0.0
2010-08,TBA,13,0.0
2010-09,TBA,7,0.0
2010-10,TBA,3,0.0
2010-11,TBA,5,0.0
2010-12,TBA,28,0.0
2010-01,YooKay,3,0.0
2010-06,YooKay,2,0.0
2010-07,YooKay,2,0.0
2010-08,YooKay,3,0.0
2010-09,YooKay,2,0.0
2010-01,a-list,21,0.0
2010-03,a-list,16,0.0
2010-04,a-list,12,0.0
2010-05,a-list,4,0.0
2010-06,a-list,6,0.0
2010-07,a-list,6,0.0
2010-08,a-list,7,0.0
2010-09,a-list,7,0.0
2010-10,a-list,13,0.0
2010-11,a-list,7,0.0
2010-12,a-list,9,0.0
2010-01,annihilated,54,0.0
2010-02,annihilated,10,0.0
2010-03,annihilated,44,0.0
2010-04,annihilated,6,0.0
2010-05,annihilated,40,0.0
2010-06,annihilated,15,0.0
2010-07,annihilated,17,0.0
2010-08,annihilated,35,0.0
2010-09,annihilated,61,0.0
2010-10,annihilated,60,0.0
2010-11,annihilated,6,0.0
2010-12,annihilated,24,0.0
2011-01,annihilated,8,0.0
2010-01,badass,57,0.0
2010-02,badass,24,0.0
2010-03,badass,36,0.0
2010-04,badass,15,0.0
2010-05,badass,16,0.0
2010-06,badass,42,0.0
2010-07,badass,58,0.0
2010-08,badass,33,0.0
2010-09,badass,37,0.0
2010-10,badass,37,0.0
2010-11,badass,8,0.0
2010-12,badass,53,0.0
2010-01,blankie,5,0.0
2010-02,blankie,8,0.0
2010-04,blankie,9,0.0
2010-05,blankie,11,0.0
2010-06,blankie,20,0.0
2010-07,blankie,9,0.0
2010-08,blankie,18,0.0
2010-09,blankie,15,0.0
2010-10,blankie,17,0.0
2010-11,blankie,36,0.0
2010-12,blankie,9,0.0
2010-02,bling,17,0.0
2010-03,bling,31,0.0
2010-04,bling,13,0.0
2010-05,bling,17,0.0
2010-07,bling,23,0.0
2010-11,bling,9,0.0
2010-12,bling,13,0.0
2010-01,blowjob,25,0.0
2010-02,blowjob,10,0.0
2010-03,blowjob,15,0.0
2010-04,blowjob,5,0.0
2010-05,blowjob,6,0.0
2010-06,blowjob,18,0.0
2010-07,blowjob,19,0.0
2010-08,blowjob,11,0.0
2010-09,blowjob,16,0.0
2010-10,blowjob,4,0.0
2010-11,blowjob,17,0.0
2010-12,blowjob,1,0.0
2010-01,blumpkin,35,0.0
2010-02,blumpkin,11,0.0
2010-03,blumpkin,5,0.0
2010-04,blumpkin,10,0.0
2010-05,blumpkin,4,0.0
2010-06,blumpkin,4,0.0
2010-07,blumpkin,8,0.0
2010-08,blumpkin,13,0.0
2010-09,blumpkin,21,0.0
2010-10,blumpkin,6,0.0
2010-12,blumpkin,22,0.0
2011-01,blumpkin,1,0.0
2010-01,bodice-ripper,11,0.18181818181818182
2010-02,bodice-ripper,6,0.16666666666666666
2010-03,bodice-ripper,13,0.46153846153846156
2010-04,bodice-ripper,6,0.16666666666666666
2010-05,bodice-ripper,9,0.1111111111111111
2010-06,bodice-ripper,10,0.1
2010-07,bodice-ripper,12,0.16666666666666666
2010-08,bodice-ripper,13,0.07692307692307693
2010-09,bodice-ripper,4,0.0
2010-10,bodice-ripper,23,0.13043478260869565
2010-11,bodice-ripper,11,0.0
2010-12,bodice-ripper,10,0.1
2010-01,bomb,19,0.05263157894736842
2010-02,bomb,5,0.0
2010-03,bomb,5,0.0
2010-04,bomb,11,0.0
2010-06,bomb,8,0.0
2010-07,bomb,16,0.0
2010-08,bomb,14,0.0
2010-09,bomb,17,0.0
2010-10,bomb,21,0.0
2010-11,bomb,4,0.25
2010-12,bomb,7,0.0
2011-01,bomb,6,0.0
2010-01,bonehead,31,0.0
2010-03,bonehead,26,0.0
2010-04,bonehead,5,0.0
2010-05,bonehead,1,0.0
2010-07,bonehead,6,0.0
2010-08,bonehead,10,0.0
2010-09,bonehead,7,0.0
2010-10,bonehead,7,0.0
2010-11,bonehead,5,0.0
2010-01,booty,16,0.0
2010-02,booty,8,0.0
2010-03,booty,12,0.0
2010-04,booty,30,0.0
2010-05,booty,41,0.0
2010-06,booty,18,0.0
2010-08,booty,20,0.0
2010-09,booty,15,0.0
2010-10,booty,37,0.0
2010-11,booty,50,0.0
2010-12,booty,4,0.0
2010-01,bowl,5,0.0
2010-02,bowl,4,0.0
2010-03,bowl,4,0.0
2010-04,bowl,7,0.0
2010-05,bowl,11,0.0
2010-06,bowl,1,0.0
2010-07,bowl,11,0.0
2010-08,bowl,12,0.0
2010-09,bowl,8,0.0
2010-10,bowl,9,0.0
2010-11,bowl,11,0.0
2010-12,bowl,7,0.0
2010-01,bro,20,0.0
2010-02,bro,49,0.0
2010-03,bro,100,0.0
2010-04,bro,19,0.0
2010-05,bro,20,0.0
2010-06,bro,50,0.0
2010-07,bro,10,0.0
2010-08,bro,60,0.0
2010-09,bro,40,0.0
2010-10,bro,38,0.0
2010-11,bro,29,0.0
2010-12,bro,55,0.0
2010-01,bromance,46,0.0
2010-02,bromance,14,0.0
2010-03,bromance,29,0.0
2010-04,bromance,13,0.0
2010-05,bromance,30,0.0
2010-06,bromance,7,0.0
2010-07,bromance,28,0.0
2010-08,bromance,19,0.0
2010-09,bromance,6,0.0
2010-10,bromance,23,0.0
2010-11,bromance,6,0.0
2010-12,bromance,24,0.0
2010-01,bumfuck,55,0.0
2010-02,bumfuck,51,0.0
2010-03,bumfuck,50,0.0
2010-04,bumfuck,9,0.0
2010-05,bumfuck,38,0.0
2010-06,bumfuck,24,0.0
2010-07,bumfuck,48,0.0
2010-08,bumfuck,37,0.0
2010-09,bumfuck,19,0.0
2010-10,bumfuck,35,0.0
2010-11,bumfuck,39,0.0
2010-12,bumfuck,10,0.0
2010-01,bupkis,10,0.0
2010-02,bupkis,7,0.0
2010-03,bupkis,4,0.0
2010-04,bupkis,10,0.0
2010-05,bupkis,14,0.0
2010-06,bupkis,17,0.0
2010-07,bupkis,1,0.0
2010-08,bupkis,17,0.0
2010-09,bupkis,27,0.0
2010-10,bupkis,10,0.0
2010-11,bupkis,4,0.0
2010-12,bupkis,6,0.0
2010-01,carny,3,0.0
2010-02,carny,4,0.0
2010-03,carny,6,0.0
2010-04,carny,3,0.0
2010-05,carny,13,0.0
2010-06,carny,7,0.0
2010-07,carny,16,0.0
2010-08,carny,24,0.0
2010-09,carny,17,0.0
2010-10,carny,1,0.0
2010-11,carny,14,0.0
2010-12,carny,10,0.0
2010-01,celebutante,25,0.0
2010-02,celebutante,15,0.0
2010-04,celebutante,21,0.0
2010-05,celebutante,19,0.0
2010-07,celebutante,47,0.0
2010-08,celebutante,8,0.0
2010-09,celebutante,26,0.0
2010-10,celebutante,4,0.0
2010-12,celebutante,8,0.0
2010-02,chillax,29,0.0
2010-03,chillax,28,0.0
2010-05,chillax,57,0.017543859649122806
2010-07,chillax,55,0.0
2010-10,chillax,81,0.0
2010-12,chillax,28,0.0
2010-01,chones,19,0.0
2010-02,chones,12,0.0
2010-03,chones,6,0.0
2010-04,chones,9,0.0
2010-05,chones,41,0.0
2010-06,chones,11,0.0
2010-07,chones,18,0.0
2010-08,chones,8,0.0
2010-09,chones,13,0.0
2010-10,chones,3,0.0
2010-11,chones,11,0.0
2010-12,chones,32,0.03125
2010-01,colitas,9,0.0
2010-02,colitas,11,0.0
2010-03,colitas,9,0.0
2010-04,colitas,13,0.0
2010-05,colitas,8,0.0
2010-06,colitas,5,0.0
2010-07,colitas,12,0.0
2010-08,colitas,7,0.0
2010-09,colitas,19,0.0
2010-10,colitas,16,0.0
2010-11,colitas,13,0.0
2010-12,colitas,15,0.0
2010-01,compo,1,0.0
2010-06,compo,1,0.0
2010-01,compy,29,0.0
2010-02,compy,9,0.0
2010-03,compy,18,0.0
2010-04,compy,81,0.0
2010-05,compy,48,0.0
2010-06,compy,58,0.0
2010-07,compy,30,0.0
2010-08,compy,47,0.0
2010-09,compy,44,0.0
2010-10,compy,38,0.0
2010-11,compy,40,0.0
2010-12,compy,27,0.0
2010-01,conniption,26,0.3076923076923077
2010-02,conniption,17,0.058823529411764705
2010-03,conniption,24,0.0
2010-04,conniption,42,0.0
2010-05,conniption,13,0.0
2010-06,conniption,25,0.04
2010-07,conniption,29,0.0
2010-08,conniption,73,0.0684931506849315
2010-09,conniption,36,0.027777777777777776
2010-10,conniption,58,0.034482758620689655
2010-11,conniption,48,0.041666666666666664
2010-12,conniption,9,0.0
2010-01,crappy,36,0.0
2010-02,crappy,19,0.0
2010-03,crappy,28,0.0
2010-04,crappy,77,0.0
2010-05,crappy,19,0.0
2010-06,crappy,36,0.0
2010-07,crappy,45,0.0
2010-08,crappy,29,0.0
2010-09,crappy,28,0.0
2010-10,crappy,26,0.0
2010-11,crappy,38,0.0
2010-12,crappy,74,0.0
2010-01,crock,8,0.0
2010-02,crock,18,0.0
2010-03,crock,7,0.0
2010-04,crock,20,0.0
2010-05,crock,20,0.0
2010-06,crock,11,0.0
2010-07,crock,3,0.0
2010-08,crock,11,0.0
2010-09,crock,11,0.0
2010-10,crock,10,0.0
2010-11,crock,11,0.0
2010-12,crock,6,0.0
2010-01,crossfade,4,0.0
2010-02,crossfade,5,0.0
2010-03,crossfade,2,0.0
2010-04,crossfade,2,0.0
2010-05,crossfade,2,0.0
2010-06,crossfade,3,0.0
2010-07,crossfade,4,0.0
2010-08,crossfade,8,0.0
2010-09,crossfade,2,0.0
2010-10,crossfade,2,0.0
2010-11,crossfade,2,0.0
2010-12,crossfade,2,0.0
2010-01,crowdsourcing,3,0.0
2010-02,crowdsourcing,8,0.0
2010-03,crowdsourcing,7,0.0
2010-04,crowdsourcing,5,0.0
2010-05,crowdsourcing,3,0.0
2010-06,crowdsourcing,5,0.0
2010-07,crowdsourcing,1,0.0
2010-08,crowdsourcing,8,0.0
2010-09,crowdsourcing,2,0.0
2010-10,crowdsourcing,7,0.0
2010-11,crowdsourcing,5,0.0
2010-12,crowdsourcing,5,0.0
2010-01,dafuq,7,0.0
2010-02,dafuq,8,0.25
2010-03,dafuq,8,0.0
2010-04,dafuq,6,0.16666666666666666
2010-05,dafuq,42,0.07142857142857142
2010-06,dafuq,2,0.0
2010-07,dafuq,20,0.1
2010-08,dafuq,20,0.1
2010-09,dafuq,24,0.0
2010-10,dafuq,20,0.0
2010-11,dafuq,36,0.0
2010-12,dafuq,55,0.0
2010-02,dang,25,0.0
2010-03,dang,19,0.0
2010-04,dang,34,0.0
2010-05,dang,8,0.0
2010-07,dang,25,0.0
2010-08,dang,23,0.0
2010-09,dang,10,0.0
2010-10,dang,18,0.0
2010-11,dang,33,0.0
2010-12,dang,36,0.0
2010-01,dis,16,0.0
2010-02,dis,56,0.0
2010-03,dis,25,0.0
2010-04,dis,25,0.0
2010-05,dis,71,0.0
2010-06,dis,33,0.0
2010-07,dis,38,0.0
2010-08,dis,47,0.0
2010-09,dis,26,0.0
2010-10,dis,37,0.0
2010-11,dis,41,0.0
2010-12,dis,27,0.0
2010-01,dogg,11,0.0
2010-02,dogg,7,0.0
2010-03,dogg,18,0.0
2010-04,dogg,6,0.0
2010-05,dogg,1,0.0
2010-06,dogg,7,0.0
2010-07,dogg,2,0.0
2010-08,dogg,8,0.0
2010-09,dogg,10,0.0
2010-10,dogg,5,0.0
2010-11,dogg,1,0.0
2010-12,dogg,5,0.0
2010-01,duckface,17,0.0
2010-02,duckface,5,0.0
2010-03,duckface,24,0.0
2010-04,duckface,12,0.0
2010-05,duckface,16,0.0
2010-06,duckface,23,0.0
2010-07,duckface,23,0.0
2010-08,duckface,33,0.0
2010-09,duckface,4,0.0
2010-10,duckface,18,0.0
2010-11,duckface,53,0.0
2010-12,duckface,22,0.0
2010-01,dudette,30,0.0
2010-02,dudette,30,0.0
2010-03,dudette,10,0.0
2010-04,dudette,10,0.0
2010-05,dudette,35,0.0
2010-06,dudette,10,0.0
2010-07,dudette,20,0.0
2010-08,dudette,19,0.0
2010-09,dudette,40,0.0
2010-10,dudette,39,0.0
2010-11,dudette,10,0.0
2010-12,dudette,19,0.0
2010-01,ent,8,0.0
2010-02,ent,2,0.0
2010-03,ent,5,0.0
2010-04,ent,5,0.0
2010-05,ent,6,0.0
2010-06,ent,1,0.0
2010-08,ent,1,0.0
2010-09,ent,2,0.0
2010-10,ent,2,0.0
2010-11,ent,2,0.0
2010-01,fanboy,13,0.0
2010-02,fanboy,12,0.0
2010-03,fanboy,19,0.0
2010-04,fanboy,35,0.0
2010-05,fanboy,8,0.0
2010-06,fanboy,19,0.0
2010-07,fanboy,27,0.0
2010-08,fanboy,15,0.0
2010-09,fanboy,11,0.09090909090909091
2010-10,fanboy,7,0.0
2010-12,fanboy,19,0.0
2010-01,fap,15,0.0
2010-02,fap,4,0.0
2010-03,fap,6,0.0
2010-04,fap,21,0.0
2010-05,fap,2,0.0
2010-06,fap,6,0.0
2010-07,fap,13,0.0
2010-08,fap,33,0.0
2010-09,fap,13,0.0
2010-10,fap,43,0.0
2010-11,fap,19,0.0
2010-12,fap,27,0.0
2010-01,fidiot,11,0.0
2010-02,fidiot,9,0.0
2010-03,fidiot,10,0.0
2010-04,fidiot,7,0.0
2010-05,fidiot,16,0.0
2010-06,fidiot,8,0.0
2010-07,fidiot,22,0.0
2010-08,fidiot,12,0.0
2010-09,fidiot,9,0.0
2010-10,fidiot,5,0.0
2010-11,fidiot,6,0.0
2010-12,fidiot,7,0.0
2010-01,fire,9,0.0
2010-02,fire,8,0.0
2010-03,fire,10,0.0
2010-04,fire,4,0.0
2010-05,fire,6,0.0
2010-06,fire,4,0.0
2010-07,fire,8,0.0
2010-08,fire,16,0.0
2010-09,fire,5,0.0
2010-10,fire,7,0.0
2010-11,fire,11,0.0
2010-12,fire,8,0.0
2010-01,flutterby,3,0.0
2010-02,flutterby,5,0.0
2010-03,flutterby,1,0.0
2010-04,flutterby,3,0.0
2010-05,flutterby,12,0.0
2010-07,flutterby,16,0.0
2010-08,flutterby,15,0.0
2010-09,flutterby,3,0.0
2010-10,flutterby,9,0.0
2010-11,flutterby,5,0.0
2010-12,flutterby,12,0.0
2010-01,freckle,27,0.0
2010-02,freckle,10,0.0
2010-03,freckle,15,0.0
2010-04,freckle,20,0.0
2010-05,freckle,15,0.0
2010-06,freckle,18,0.0
2010-07,freckle,10,0.0
2010-08,freckle,6,0.0
2010-09,freckle,17,0.0
2010-10,freckle,22,0.0
2010-11,freckle,13,0.0
2010-12,freckle,23,0.0
2010-01,gag,33,0.0
2010-02,gag,24,0.08333333333333333
2010-03,gag,18,0.0
2010-04,gag,42,0.0
2010-05,gag,15,0.0
2010-06,gag,13,0.0
2010-07,gag,11,0.0
2010-08,gag,46,0.0
2010-09,gag,18,0.0
2010-10,gag,21,0.0
2010-11,gag,18,0.0
2010-12,gag,76,0.0
2011-01,gag,5,0.0
2010-01,gangsta,17,0.058823529411764705
2010-02,gangsta,7,0.0
2010-03,gangsta,41,0.0
2010-04,gangsta,22,0.0
2010-05,gangsta,58,0.0
2010-06,gangsta,45,0.0
2010-07,gangsta,26,0.0
2010-08,gangsta,64,0.0
2010-09,gangsta,45,0.0
2010-10,gangsta,23,0.0
2010-11,gangsta,22,0.0
2010-12,gangsta,38,0.02631578947368421
2010-01,gansta,34,0.029411764705882353
2010-02,gansta,18,0.0
2010-03,gansta,27,0.0
2010-04,gansta,43,0.0
2010-05,gansta,22,0.0
2010-06,gansta,31,0.0
2010-07,gansta,44,0.0
2010-08,gansta,19,0.0
2010-09,gansta,17,0.0
2010-10,gansta,70,0.0
2010-11,gansta,41,0.0
2010-12,gansta,64,0.0
2010-01,gayborhood,13,0.0
2010-02,gayborhood,13,0.0
2010-03,gayborhood,15,0.0
2010-04,gayborhood,12,0.0
2010-05,gayborhood,17,0.0
2010-06,gayborhood,23,0.0
2010-07,gayborhood,12,0.0
2010-09,gayborhood,12,0.0
2010-10,gayborhood,23,0.0
2010-11,gayborhood,13,0.0
2010-12,gayborhood,12,0.0
2010-01,glitterati,9,0.0
2010-02,glitterati,4,0.0
2010-03,glitterati,21,0.0
2010-04,glitterati,14,0.0
2010-05,glitterati,17,0.0
2010-06,glitterati,14,0.0
2010-07,glitterati,4,0.0
2010-08,glitterati,4,0.0
2010-09,glitterati,8,0.0
2010-10,glitterati,6,0.0
2010-11,glitterati,9,0.0
2010-12,glitterati,14,0.0
2010-01,gnarly,17,0.0
2010-02,gnarly,26,0.0
2010-03,gnarly,13,0.0
2010-04,gnarly,27,0.0
2010-05,gnarly,36,0.0
2010-06,gnarly,23,0.0
2010-07,gnarly,30,0.0
2010-08,gnarly,50,0.0
2010-09,gnarly,29,0.0
2010-10,gnarly,53,0.0
2010-11,gnarly,54,0.0
2010-12,gnarly,33,0.0
2010-01,gorp,10,0.1
2010-02,gorp,5,0.0
2010-03,gorp,15,0.0
2010-04,gorp,24,0.0
2010-05,gorp,9,0.0
2010-06,gorp,5,0.0
2010-07,gorp,1,0.0
2010-08,gorp,22,0.0
2010-09,gorp,7,0.0
2010-10,gorp,12,0.0
2010-11,gorp,8,0.0
2010-12,gorp,7,0.0
2010-01,gotsta,36,0.0
2010-02,gotsta,32,0.0
2010-03,gotsta,41,0.0
2010-04,gotsta,54,0.0
2010-05,gotsta,17,0.0
2010-06,gotsta,24,0.0
2010-07,gotsta,60,0.0
2010-08,gotsta,30,0.0
2010-09,gotsta,9,0.0
2010-10,gotsta,51,0.0
2010-11,gotsta,39,0.0
2010-12,gotsta,17,0.0
2011-01,gotsta,4,0.0
2010-01,gridlock,50,0.0
2010-02,gridlock,13,0.0
2010-03,gridlock,6,0.0
2010-04,gridlock,18,0.0
2010-05,gridlock,10,0.0
2010-06,gridlock,26,0.0
2010-07,gridlock,13,0.0
2010-08,gridlock,17,0.0
2010-09,gridlock,30,0.0
2010-10,gridlock,27,0.0
2010-11,gridlock,1,0.0
2010-12,gridlock,25,0.0
2010-01,grub,37,0.10810810810810811
2010-02,grub,35,0.05714285714285714
2010-03,grub,10,0.0
2010-04,grub,61,0.09836065573770492
2010-05,grub,32,0.03125
2010-06,grub,21,0.0
2010-07,grub,50,0.02
2010-08,grub,41,0.0975609756097561
2010-09,grub,36,0.0
2010-10,grub,25,0.08
2010-11,grub,45,0.1111111111111111
2010-12,grub,26,0.038461538461538464
2010-01,gunt,13,0.3076923076923077
2010-02,gunt,9,0.0
2010-03,gunt,22,0.0
2010-04,gunt,23,0.0
2010-05,gunt,20,0.0
2010-06,gunt,35,0.0
2010-07,gunt,47,0.0
2010-08,gunt,17,0.0
2010-09,gunt,32,0.0
2010-10,gunt,23,0.0
2010-11,gunt,73,0.0
2010-12,gunt,64,0.0
2011-01,gunt,9,0.0
2010-01,hasbian,4,0.0
2010-02,hasbian,4,0.0
2010-03,hasbian,4,0.0
2010-04,hasbian,6,0.0
2010-05,hasbian,9,0.0
2010-06,hasbian,3,0.0
2010-07,hasbian,12,0.0
2010-08,hasbian,7,0.0
2010-09,hasbian,10,0.0
2010-10,hasbian,7,0.0
2010-11,hasbian,24,0.0
2010-12,hasbian,29,0.0
2010-01,hells,23,0.0
2010-02,hells,24,0.0
2010-03,hells,38,0.0
2010-04,hells,31,0.0
2010-05,hells,17,0.0
2010-06,hells,36,0.0
2010-07,hells,31,0.0
2010-08,hells,65,0.015384615384615385
2010-09,hells,17,0.0
2010-10,hells,25,0.0
2010-11,hells,34,0.0
2010-12,hells,52,0.0
2010-01,horribad,5,0.0
2010-02,horribad,7,0.0
2010-03,horribad,11,0.0
2010-04,horribad,2,0.0
2010-05,horribad,11,0.0
2010-06,horribad,9,0.0
2010-07,horribad,13,0.0
2010-08,horribad,10,0.0
2010-09,horribad,7,0.0
2010-10,horribad,11,0.0
2010-11,horribad,5,0.0
2010-12,horribad,26,0.0
2010-01,hypermiler,9,0.0
2010-02,hypermiler,8,0.0
2010-03,hypermiler,30,0.0
2010-04,hypermiler,5,0.0
2010-05,hypermiler,5,0.0
2010-06,hypermiler,13,0.0
2010-07,hypermiler,14,0.0
2010-08,hypermiler,8,0.0
2010-09,hypermiler,9,0.0
2010-10,hypermiler,15,0.0
2010-11,hypermiler,18,0.0
2010-12,hypermiler,7,0.0
2010-01,incel,3,0.6666666666666666
2010-03,incel,1,0.0
2010-05,incel,2,0.0
2010-06,incel,1,0.0
2010-07,incel,3,0.0
2010-09,incel,1,0.0
2010-10,incel,1,0.0
2010-11,incel,3,0.0
2010-12,incel,2,0.0
2011-01,incel,1,0.0
2010-02,jabroni,23,0.0
2010-03,jabroni,21,0.0
2010-04,jabroni,28,0.0
2010-05,jabroni,59,0.0
2010-07,jabroni,10,0.0
2010-08,jabroni,13,0.0
2010-10,jabroni,8,0.0
2010-11,jabroni,19,0.0
2010-12,jabroni,10,0.0
2010-01,jalopy,6,0.0
2010-02,jalopy,7,0.0
2010-03,jalopy,6,0.0
2010-04,jalopy,2,0.0
2010-05,jalopy,18,0.0
2010-06,jalopy,1,0.0
2010-07,jalopy,9,0.0
2010-08,jalopy,1,0.0
2010-09,jalopy,2,0.0
2010-10,jalopy,9,0.0
2010-11,jalopy,3,0.0
2010-12,jalopy,4,0.0
2010-01,jerkwad,24,0.0
2010-02,jerkwad,11,0.0
2010-03,jerkwad,10,0.0
2010-04,jerkwad,1,0.0
2010-05,jerkwad,14,0.0
2010-06,jerkwad,24,0.0
2010-07,jerkwad,20,0.0
2010-08,jerkwad,14,0.0
2010-09,jerkwad,21,0.0
2010-10,jerkwad,6,0.0
2010-11,jerkwad,13,0.0
2010-12,jerkwad,18,0.0
2010-01,jill,2,0.0
2010-02,jill,1,0.0
2010-03,jill,4,0.0
2010-04,jill,3,0.0
2010-05,jill,3,0.0
2010-06,jill,5,0.0
2010-07,jill,1,0.0
2010-08,jill,1,0.0
2010-09,jill,3,0.0
2010-11,jill,4,0.0
2010-12,jill,5,0.0
2010-01,kosher,10,0.0
2010-02,kosher,17,0.0
2010-03,kosher,25,0.0
2010-04,kosher,12,0.0
2010-05,kosher,31,0.0
2010-06,kosher,21,0.0
2010-07,kosher,28,0.0
2010-08,kosher,38,0.0
2010-09,kosher,18,0.0
2010-10,kosher,19,0.0
2010-11,kosher,2,0.0
2010-12,kosher,28,0.0
2010-01,lame-o,108,0.0
2010-02,lame-o,10,0.0
2010-03,lame-o,30,0.0
2010-04,lame-o,68,0.0
2010-05,lame-o,30,0.0
2010-06,lame-o,30,0.0
2010-07,lame-o,41,0.0
2010-08,lame-o,40,0.0
2010-09,lame-o,20,0.0
2010-10,lame-o,10,0.0
2010-11,lame-o,30,0.0
2010-12,lame-o,70,0.0
2010-01,lemme,18,0.0
2010-02,lemme,40,0.0
2010-03,lemme,10,0.0
2010-04,lemme,47,0.0
2010-05,lemme,39,0.0
2010-06,lemme,40,0.0
2010-07,lemme,70,0.0
2010-08,lemme,40,0.0
2010-09,lemme,20,0.0
2010-10,lemme,10,0.0
2010-11,lemme,40,0.0
2010-12,lemme,106,0.0
2011-01,lemme,10,0.0
2010-01,linner,30,0.06666666666666667
2010-02,linner,37,0.02702702702702703
2010-03,linner,31,0.03225806451612903
2010-04,linner,22,0.09090909090909091
2010-05,linner,33,0.06060606060606061
2010-06,linner,41,0.07317073170731707
2010-07,linner,8,0.0
2010-08,linner,45,0.08888888888888889
2010-09,linner,48,0.0625
2010-10,linner,53,0.05660377358490566
2010-11,linner,28,0.10714285714285714
2010-12,linner,54,0.037037037037037035
2010-01,locks,37,0.0
2010-02,locks,41,0.0
2010-03,locks,25,0.0
2010-04,locks,18,0.0
2010-05,locks,15,0.0
2010-06,locks,27,0.0
2010-07,locks,21,0.0
2010-08,locks,22,0.0
2010-09,locks,12,0.08333333333333333
2010-10,locks,14,0.0
2010-11,locks,27,0.0
2010-12,locks,9,0.0
2010-01,lowkey,24,0.0
2010-02,lowkey,43,0.0
2010-03,lowkey,17,0.0
2010-04,lowkey,46,0.0
2010-06,lowkey,25,0.04
2010-07,lowkey,21,0.0
2010-09,lowkey,22,0.0
2010-10,lowkey,48,0.0
2010-02,meme,6,0.16666666666666666
2010-03,meme,8,0.0
2010-04,meme,6,0.0
2010-05,meme,6,0.16666666666666666
2010-06,meme,11,0.09090909090909091
2010-07,meme,18,0.16666666666666666
2010-08,meme,11,0.0
2010-10,meme,2,0.0
2010-11,meme,8,0.25
2010-12,meme,6,0.0
2010-02,money,19,0.0
2010-03,money,27,0.037037037037037035
2010-04,money,2,0.0
2010-05,money,17,0.0
2010-06,money,12,0.0
2010-07,money,14,0.0
2010-08,money,16,0.0
2010-09,money,3,0.0
2010-10,money,7,0.0
2010-12,money,11,0.0
2010-01,mosey,40,0.0
2010-02,mosey,25,0.0
2010-03,mosey,25,0.0
2010-04,mosey,28,0.0
2010-05,mosey,16,0.0
2010-06,mosey,63,0.0
2010-08,mosey,30,0.0
2010-09,mosey,55,0.0
2010-10,mosey,42,0.0
2010-11,mosey,28,0.0
2010-12,mosey,69,0.0
2010-01,motherfucking,25,0.0
2010-02,motherfucking,26,0.0
2010-04,motherfucking,17,0.0
2010-05,motherfucking,29,0.0
2010-06,motherfucking,38,0.0
2010-07,motherfucking,82,0.0
2010-08,motherfucking,35,0.0
2010-09,motherfucking,41,0.0
2010-10,motherfucking,22,0.0
2010-11,motherfucking,37,0.0
2010-12,motherfucking,40,0.025
2010-01,mozzie,53,0.05660377358490566
2010-02,mozzie,19,0.0
2010-03,mozzie,31,0.0
2010-04,mozzie,31,0.0
2010-05,mozzie,31,0.0
2010-06,mozzie,55,0.0
2010-07,mozzie,55,0.0
2010-08,mozzie,52,0.0
2010-09,mozzie,30,0.0
2010-10,mozzie,26,0.0
2010-11,mozzie,38,0.0
2010-12,mozzie,20,0.0
2010-01,netizen,18,0.0
2010-02,netizen,6,0.0
2010-03,netizen,4,0.0
2010-04,netizen,5,0.0
2010-05,netizen,8,0.0
2010-06,netizen,3,0.0
2010-07,netizen,4,0.0
2010-08,netizen,9,0.0
2010-09,netizen,3,0.0
2010-10,netizen,11,0.0
2010-11,netizen,3,0.0
2010-01,next-level,6,0.0
2010-02,next-level,46,0.0
2010-03,next-level,32,0.0
2010-04,next-level,17,0.0
2010-05,next-level,25,0.0
2010-06,next-level,36,0.0
2010-07,next-level,28,0.0
2010-08,next-level,24,0.0
2010-09,next-level,22,0.0
2010-10,next-level,19,0.0
2010-11,next-level,16,0.0
2010-12,next-level,8,0.0
2010-01,nuker,5,0.0
2010-02,nuker,8,0.0
2010-03,nuker,3,0.0
2010-04,nuker,2,0.0
2010-05,nuker,2,0.0
2010-06,nuker,3,0.0
2010-07,nuker,3,0.0
2010-08,nuker,11,0.0
2010-09,nuker,4,0.0
2010-10,nuker,1,0.0
2010-11,nuker,3,0.0
2010-12,nuker,2,0.0
2010-01,okee-doke,12,0.0
2010-02,okee-doke,25,0.0
2010-03,okee-doke,17,0.0
2010-04,okee-doke,4,0.0
2010-05,okee-doke,13,0.0
2010-06,okee-doke,29,0.0
2010-07,okee-doke,17,0.0
2010-08,okee-doke,30,0.0
2010-09,okee-doke,13,0.0
2010-10,okee-doke,20,0.0
2010-11,okee-doke,11,0.0
2010-12,okee-doke,13,0.0
2010-01,pecker,8,0.0
2010-02,pecker,27,0.0
2010-03,pecker,30,0.0
2010-04,pecker,63,0.0
2010-05,pecker,29,0.0
2010-06,pecker,18,0.0
2010-07,pecker,4,0.0
2010-08,pecker,7,0.0
2010-09,pecker,27,0.0
2010-10,pecker,56,0.0
2010-11,pecker,44,0.0
2010-12,pecker,27,0.0
2010-01,pedo,59,0.0
2010-02,pedo,16,0.0
2010-03,pedo,16,0.0
2010-04,pedo,42,0.0
2010-06,pedo,50,0.0
2010-07,pedo,72,0.013888888888888888
2010-08,pedo,47,0.02127659574468085
2010-09,pedo,18,0.0
2010-10,pedo,17,0.0
2010-11,pedo,26,0.0
2010-12,pedo,63,0.0
2010-01,peeps,42,0.0
2010-02,peeps,23,0.0
2010-03,peeps,17,0.0
2010-04,peeps,27,0.0
2010-05,peeps,43,0.0
2010-06,peeps,73,0.0
2010-07,peeps,25,0.0
2010-08,peeps,16,0.0
2010-09,peeps,55,0.0
2010-10,peeps,20,0.0
2010-11,peeps,81,0.0
2010-12,peeps,20,0.0
2010-01,plastered,7,0.0
2010-02,plastered,15,0.0
2010-03,plastered,7,0.0
2010-04,plastered,17,0.0
2010-05,plastered,14,0.0
2010-06,plastered,3,0.0
2010-07,plastered,8,0.0
2010-08,plastered,4,0.0
2010-09,plastered,13,0.0
2010-10,plastered,3,0.0
2010-11,plastered,8,0.0
2010-12,plastered,11,0.0
2010-01,poopy,49,0.0
2010-02,poopy,55,0.0
2010-03,poopy,63,0.0
2010-04,poopy,17,0.0
2010-05,poopy,10,0.0
2010-06,poopy,6,0.0
2010-07,poopy,41,0.0
2010-08,poopy,48,0.0
2010-09,poopy,49,0.0
2010-10,poopy,75,0.0
2010-11,poopy,31,0.0
2010-12,poopy,10,0.0
2010-01,preemie,10,0.0
2010-03,preemie,7,0.0
2010-04,preemie,7,0.0
2010-05,preemie,1,0.0
2010-10,preemie,6,0.0
2010-11,preemie,6,0.0
2010-12,preemie,6,0.0
2010-01,pregos,29,0.034482758620689655
2010-02,pregos,10,0.0
2010-03,pregos,37,0.0
2010-04,pregos,30,0.0
2010-05,pregos,32,0.0
2010-06,pregos,56,0.0
2010-07,pregos,39,0.02564102564102564
2010-08,pregos,50,0.0
2010-09,pregos,30,0.0
2010-10,pregos,67,0.0
2010-11,pregos,49,0.0
2010-12,pregos,30,0.0
2010-01,prettyful,55,0.0
2010-02,prettyful,20,0.0
2010-03,prettyful,25,0.0
2010-04,prettyful,20,0.0
2010-05,prettyful,25,0.0
2010-06,prettyful,26,0.0
2010-07,prettyful,61,0.03278688524590164
2010-08,prettyful,14,0.0
2010-09,prettyful,17,0.0
2010-10,prettyful,42,0.0
2010-11,prettyful,23,0.0
2010-12,prettyful,59,0.0
2011-01,prettyful,4,0.0
2010-01,punanni,5,0.0
2010-02,punanni,8,0.0
2010-03,punanni,1,0.0
2010-04,punanni,8,0.0
2010-05,punanni,7,0.0
2010-06,punanni,3,0.0
2010-07,punanni,14,0.0
2010-08,punanni,6,0.0
2010-09,punanni,13,0.0
2010-10,punanni,8,0.0
2010-11,punanni,7,0.0
2010-12,punanni,19,0.0
2010-01,rachet,8,0.0
2010-02,rachet,29,0.0
2010-03,rachet,16,0.0
2010-04,rachet,34,0.0
2010-05,rachet,42,0.0
2010-06,rachet,23,0.0
2010-07,rachet,18,0.0
2010-08,rachet,51,0.0
2010-09,rachet,68,0.0
2010-10,rachet,19,0.0
2010-11,rachet,33,0.0
2010-12,rachet,68,0.014705882352941176
2010-01,rad,27,0.0
2010-02,rad,17,0.0
2010-03,rad,30,0.0
2010-04,rad,41,0.0
2010-05,rad,18,0.0
2010-06,rad,8,0.0
2010-07,rad,37,0.0
2010-08,rad,43,0.0
2010-09,rad,35,0.0
2010-10,rad,3,0.0
2010-11,rad,34,0.0
2010-12,rad,51,0.0
2010-01,rapey,14,0.0
2010-02,rapey,23,0.0
2010-03,rapey,21,0.0
2010-04,rapey,8,0.125
2010-06,rapey,15,0.0
2010-07,rapey,5,0.0
2010-08,rapey,32,0.03125
2010-09,rapey,13,0.0
2010-10,rapey,28,0.0
2010-11,rapey,23,0.0
2010-12,rapey,14,0.0
2010-01,rehab,10,0.0
2010-02,rehab,9,0.0
2010-03,rehab,13,0.0
2010-04,rehab,9,0.0
2010-05,rehab,17,0.0
2010-06,rehab,12,0.0
2010-07,rehab,21,0.047619047619047616
2010-08,rehab,5,0.0
2010-09,rehab,14,0.07142857142857142
2010-10,rehab,16,0.0
2010-11,rehab,14,0.07142857142857142
2010-12,rehab,16,0.0
2010-01,relly,8,0.0
2010-02,relly,15,0.06666666666666667
2010-03,relly,12,0.0
2010-04,relly,18,0.0
2010-06,relly,34,0.0
2010-07,relly,12,0.0
2010-08,relly,25,0.0
2010-09,relly,19,0.0
2010-10,relly,19,0.0
2010-11,relly,10,0.0
2010-12,relly,15,0.0
2010-01,revert,47,0.0
2010-02,revert,8,0.0
2010-03,revert,13,0.0
2010-04,revert,15,0.0
2010-05,revert,18,0.0
2010-06,revert,51,0.0
2010-07,revert,15,0.0
2010-08,revert,25,0.0
2010-09,revert,15,0.0
2010-10,revert,32,0.0
2010-11,revert,48,0.0
2010-12,revert,36,0.0
2011-01,revert,7,0.0
2010-01,roofie,37,0.0
2010-02,roofie,24,0.0
2010-03,roofie,16,0.0
2010-04,roofie,35,0.0
2010-05,roofie,15,0.0
2010-06,roofie,63,0.0
2010-07,roofie,23,0.0
2010-08,roofie,67,0.014925373134328358
2010-09,roofie,36,0.0
2010-10,roofie,20,0.05
2010-11,roofie,27,0.0
2010-12,roofie,6,0.16666666666666666
2010-01,roshambo,17,0.0
2010-02,roshambo,6,0.0
2010-03,roshambo,11,0.0
2010-04,roshambo,9,0.0
2010-05,roshambo,3,0.0
2010-06,roshambo,3,0.0
2010-07,roshambo,5,0.2
2010-08,roshambo,8,0.0
2010-09,roshambo,18,0.0
2010-10,roshambo,5,0.0
2010-11,roshambo,6,0.16666666666666666
2010-12,roshambo,13,0.0
2011-01,roshambo,1,0.0
2010-01,sesh,47,0.0
2010-02,sesh,18,0.0
2010-03,sesh,24,0.0
2010-04,sesh,28,0.0
2010-05,sesh,46,0.0
2010-06,sesh,46,0.0
2010-07,sesh,25,0.0
2010-08,sesh,38,0.0
2010-09,sesh,25,0.0
2010-10,sesh,48,0.0
2010-11,sesh,35,0.0
2010-12,sesh,71,0.0
2010-01,shart,9,0.0
2010-02,shart,35,0.0
2010-03,shart,15,0.0
2010-04,shart,14,0.0
2010-05,shart,4,0.0
2010-07,shart,19,0.0
2010-08,shart,21,0.0
2010-09,shart,6,0.0
2010-10,shart,7,0.0
2010-11,shart,6,0.16666666666666666
2010-12,shart,9,0.0
2010-01,shiesty,44,0.0
2010-02,shiesty,58,0.0
2010-03,shiesty,12,0.0
2010-04,shiesty,59,0.0
2010-05,shiesty,42,0.0
2010-06,shiesty,47,0.0
2010-08,shiesty,28,0.03571428571428571
2010-09,shiesty,50,0.0
2010-10,shiesty,46,0.0
2010-11,shiesty,35,0.0
2010-12,shiesty,18,0.0
2010-01,shiznat,18,0.0
2010-02,shiznat,11,0.0
2010-03,shiznat,23,0.0
2010-04,shiznat,13,0.0
2010-05,shiznat,16,0.0
2010-06,shiznat,14,0.0
2010-07,shiznat,24,0.0
2010-08,shiznat,6,0.0
2010-09,shiznat,21,0.0
2010-10,shiznat,12,0.0
2010-11,shiznat,11,0.0
2010-12,shiznat,15,0.0
2010-01,shtick,17,0.0
2010-02,shtick,9,0.0
2010-03,shtick,4,0.0
2010-04,shtick,42,0.0
2010-05,shtick,26,0.0
2010-06,shtick,11,0.0
2010-07,shtick,20,0.0
2010-08,shtick,21,0.0
2010-09,shtick,14,0.0
2010-10,shtick,16,0.0
2010-11,shtick,24,0.041666666666666664
2010-12,shtick,25,0.0
2010-01,sicc,61,0.0
2010-02,sicc,40,0.0
2010-03,sicc,50,0.0
2010-04,sicc,30,0.0
2010-05,sicc,60,0.0
2010-06,sicc,40,0.0
2010-07,sicc,19,0.0
2010-08,sicc,20,0.0
2010-09,sicc,76,0.0
2010-10,sicc,28,0.0
2010-11,sicc,30,0.0
2010-12,sicc,29,0.0
2010-01,sinse,20,0.0
2010-02,sinse,20,0.0
2010-04,sinse,26,0.0
2010-05,sinse,9,0.0
2010-06,sinse,25,0.0
2010-07,sinse,23,0.0
2010-09,sinse,39,0.0
2010-10,sinse,19,0.0
2010-12,sinse,10,0.0
2010-01,sis,49,0.0
2010-02,sis,20,0.0
2010-03,sis,10,0.0
2010-04,sis,50,0.0
2010-05,sis,70,0.0
2010-06,sis,35,0.02857142857142857
2010-07,sis,20,0.0
2010-08,sis,50,0.0
2010-09,sis,50,0.0
2010-10,sis,40,0.0
2010-11,sis,70,0.014285714285714285
2010-12,sis,30,0.0
2010-01,skeeter,5,0.0
2010-02,skeeter,6,0.5
2010-03,skeeter,1,0.0
2010-04,skeeter,5,0.8
2010-05,skeeter,4,0.75
2010-06,skeeter,6,0.5
2010-07,skeeter,4,0.75
2010-08,skeeter,5,0.4
2010-09,skeeter,16,0.375
2010-10,skeeter,2,0.0
2010-11,skeeter,2,1.0
2010-12,skeeter,5,0.2
2010-01,skeevy,31,0.0
2010-02,skeevy,57,0.0
2010-03,skeevy,21,0.0
2010-04,skeevy,27,0.0
2010-05,skeevy,52,0.0
2010-06,skeevy,26,0.0
2010-07,skeevy,54,0.0
2010-08,skeevy,81,0.0
2010-09,skeevy,47,0.0
2010-10,skeevy,64,0.0
2010-11,skeevy,30,0.0
2010-12,skeevy,20,0.0
2011-01,skeevy,5,0.0
2010-01,skyrocket,3,0.0
2010-02,skyrocket,6,0.0
2010-03,skyrocket,4,0.0
2010-04,skyrocket,1,0.0
2010-05,skyrocket,1,0.0
2010-06,skyrocket,1,0.0
2010-07,skyrocket,3,0.0
2010-08,skyrocket,6,0.0
2010-09,skyrocket,5,0.0
2010-11,skyrocket,1,0.0
2010-12,skyrocket,12,0.0
2010-01,slack-jawed,15,0.0
2010-02,slack-jawed,16,0.0
2010-03,slack-jawed,8,0.0
2010-04,slack-jawed,13,0.0
2010-05,slack-jawed,15,0.0
2010-06,slack-jawed,5,0.0
2010-07,slack-jawed,6,0.0
2010-08,slack-jawed,14,0.0
2010-09,slack-jawed,13,0.0
2010-10,slack-jawed,22,0.0
2010-11,slack-jawed,18,0.0
2010-12,slack-jawed,6,0.0
2011-01,slack-jawed,2,0.0
2010-01,slore,8,0.0
2010-03,slore,9,0.0
2010-04,slore,35,0.0
2010-05,slore,26,0.0
2010-06,slore,29,0.0
2010-07,slore,36,0.0
2010-09,slore,19,0.0
2010-10,slore,16,0.0
2010-11,slore,37,0.0
2010-01,snitch,14,0.0
2010-02,snitch,46,0.0
2010-03,snitch,26,0.0
2010-04,snitch,43,0.0
2010-05,snitch,74,0.0
2010-06,snitch,51,0.0
2010-07,snitch,35,0.0
2010-08,snitch,33,0.0
2010-09,snitch,15,0.0
2010-10,snitch,31,0.0
2010-11,snitch,9,0.0
2010-01,soused,13,0.0
2010-02,soused,5,0.0
2010-03,soused,23,0.0
2010-04,soused,7,0.0
2010-05,soused,19,0.0
2010-06,soused,15,0.0
2010-07,soused,12,0.0
2010-08,soused,15,0.0
2010-09,soused,2,0.0
2010-10,soused,21,0.047619047619047616
2010-11,soused,15,0.0
2010-12,soused,16,0.0
2010-01,spam,6,0.0
2010-02,spam,13,0.0
2010-03,spam,14,0.0
2010-04,spam,6,0.0
2010-05,spam,26,0.0
2010-06,spam,17,0.0
2010-07,spam,19,0.0
2010-08,spam,22,0.0
2010-09,spam,6,0.0
2010-10,spam,16,0.0
2010-11,spam,16,0.0
2010-12,spam,21,0.0
2010-01,spec,4,0.0
2010-02,spec,2,0.0
2010-03,spec,1,0.0
2010-04,spec,1,0.0
2010-05,spec,3,0.0
2010-08,spec,3,0.0
2010-10,spec,1,0.0
2010-11,spec,5,0.0
2010-12,spec,2,0.0
2010-01,spec-ops,20,0.0
2010-02,spec-ops,15,0.0
2010-03,spec-ops,11,0.0
2010-04,spec-ops,11,0.0
2010-05,spec-ops,9,0.0
2010-06,spec-ops,11,0.0
2010-07,spec-ops,5,0.0
2010-08,spec-ops,15,0.0
2010-09,spec-ops,3,0.0
2010-10,spec-ops,4,0.0
2010-11,spec-ops,5,0.0
2010-12,spec-ops,7,0.0
2010-01,sploof,8,0.5
2010-02,sploof,5,0.2
2010-03,sploof,6,0.3333333333333333
2010-04,sploof,6,0.6666666666666666
2010-05,sploof,6,0.5
2010-06,sploof,2,0.0
2010-07,sploof,4,0.25
2010-08,sploof,4,0.25
2010-09,sploof,8,0.0
2010-10,sploof,7,0.0
2010-11,sploof,3,0.3333333333333333
2010-12,sploof,9,0.1111111111111111
2010-01,sport,1,0.0
2010-02,sport,3,0.0
2010-05,sport,1,0.0
2010-10,sport,4,0.0
2010-11,sport,1,0.0
2010-01,streak,9,0.0
2010-02,streak,4,0.0
2010-03,streak,10,0.0
2010-04,streak,30,0.0
2010-05,streak,9,0.0
2010-06,streak,5,0.0
2010-07,streak,7,0.0
2010-09,streak,22,0.0
2010-10,streak,5,0.0
2010-11,streak,6,0.0
2010-12,streak,11,0.09090909090909091
2010-01,styling,10,0.0
2010-02,styling,14,0.0
2010-03,styling,15,0.0
2010-04,styling,21,0.0
2010-05,styling,19,0.0
2010-06,styling,3,0.0
2010-07,styling,7,0.0
2010-08,styling,11,0.0
2010-09,styling,4,0.0
2010-10,styling,33,0.0
2010-11,styling,21,0.0
2010-12,styling,15,0.0
2010-01,sucky,17,0.0
2010-02,sucky,8,0.0
2010-03,sucky,23,0.0
2010-04,sucky,8,0.0
2010-05,sucky,6,0.0
2010-06,sucky,31,0.0
2010-07,sucky,17,0.0
2010-08,sucky,23,0.0
2010-10,sucky,16,0.0
2010-11,sucky,8,0.0
2010-12,sucky,30,0.0
2010-03,tardnation,1,0.0
2010-06,tardnation,3,0.0
2010-07,tardnation,1,0.0
2010-08,tardnation,9,0.0
2010-09,tardnation,3,0.0
2010-11,tardnation,1,0.0
2010-12,tardnation,1,0.0
2010-01,tenner,43,0.0
2010-02,tenner,13,0.0
2010-03,tenner,30,0.0
2010-04,tenner,11,0.0
2010-05,tenner,77,0.012987012987012988
2010-06,tenner,10,0.0
2010-07,tenner,36,0.027777777777777776
2010-08,tenner,29,0.0
2010-09,tenner,12,0.0
2010-10,tenner,19,0.0
2010-11,tenner,22,0.0
2010-12,tenner,33,0.0
2010-01,thingamabob,15,0.0
2010-02,thingamabob,17,0.0
2010-03,thingamabob,15,0.0
2010-04,thingamabob,11,0.0
2010-05,thingamabob,13,0.0
2010-06,thingamabob,3,0.0
2010-07,thingamabob,11,0.0
2010-08,thingamabob,17,0.0
2010-09,thingamabob,12,0.0
2010-10,thingamabob,3,0.0
2010-11,thingamabob,12,0.0
2010-12,thingamabob,15,0.0
2010-01,thirsty,7,0.0
2010-03,thirsty,8,0.0
2010-04,thirsty,16,0.0
2010-06,thirsty,35,0.0
2010-07,thirsty,35,0.0
2010-08,thirsty,16,0.0
2010-09,thirsty,29,0.0
2010-10,thirsty,8,0.0
2010-11,thirsty,57,0.017543859649122806
2010-12,thirsty,24,0.0
2010-01,threads,8,0.0
2010-02,threads,14,0.0
2010-03,threads,16,0.0
2010-04,threads,20,0.0
2010-05,threads,31,0.0
2010-06,threads,7,0.0
2010-07,threads,13,0.0
2010-08,threads,15,0.0
2010-09,threads,17,0.0
2010-10,threads,17,0.0
2010-11,threads,25,0.0
2010-12,threads,17,0.0
2010-01,tool,19,0.0
2010-02,tool,5,0.0
2010-03,tool,14,0.0
2010-04,tool,14,0.0
2010-05,tool,8,0.0
2010-06,tool,12,0.0
2010-07,tool,9,0.0
2010-08,tool,1,0.0
2010-09,tool,11,0.0
2010-10,tool,10,0.0
2010-11,tool,13,0.0
2010-12,tool,26,0.0
2010-01,trisexual,16,0.0625
2010-02,trisexual,9,0.0
2010-03,trisexual,11,0.0
2010-04,trisexual,12,0.0
2010-05,trisexual,16,0.0
2010-06,trisexual,13,0.0
2010-07,trisexual,5,0.0
2010-08,trisexual,12,0.0
2010-09,trisexual,1,0.0
2010-10,trisexual,33,0.0
2010-11,trisexual,13,0.0
2010-12,trisexual,47,0.0
2010-01,tweeker,29,0.0
2010-02,tweeker,10,0.0
2010-03,tweeker,19,0.0
2010-04,tweeker,55,0.01818181818181818
2010-05,tweeker,43,0.046511627906976744
2010-06,tweeker,19,0.0
2010-07,tweeker,34,0.058823529411764705
2010-08,tweeker,19,0.0
2010-09,tweeker,46,0.0
2010-10,tweeker,104,0.009615384615384616
2010-11,tweeker,19,0.0
2010-12,tweeker,30,0.0
2011-01,tweeker,8,0.0
2010-01,twit,38,0.0
2010-02,twit,19,0.0
2010-03,twit,27,0.0
2010-04,twit,56,0.0
2010-05,twit,19,0.0
2010-06,twit,34,0.0
2010-07,twit,27,0.0
2010-08,twit,46,0.0
2010-09,twit,35,0.0
2010-10,twit,80,0.0
2010-11,twit,24,0.0
2010-12,twit,29,0.0
2010-01,walkie,19,0.0
2010-02,walkie,22,0.0
2010-03,walkie,29,0.0
2010-04,walkie,19,0.0
2010-05,walkie,40,0.0
2010-06,walkie,6,0.0
2010-07,walkie,34,0.0
2010-08,walkie,10,0.0
2010-09,walkie,34,0.0
2010-10,walkie,5,0.0
2010-11,walkie,41,0.0
2010-12,walkie,30,0.0
2010-01,wang,4,0.0
2010-02,wang,4,0.0
2010-10,wang,1,0.0
2010-11,wang,2,0.0
2010-01,whadja,23,0.0
2010-02,whadja,22,0.0
2010-03,whadja,32,0.0
2010-04,whadja,22,0.0
2010-05,whadja,35,0.0
2010-06,whadja,19,0.0
2010-07,whadja,19,0.0
2010-08,whadja,56,0.017857142857142856
2010-09,whadja,10,0.0
2010-10,whadja,9,0.0
2010-11,whadja,42,0.0
2010-12,whadja,38,0.0
2010-01,whooty,14,0.0
2010-02,whooty,29,0.0
2010-03,whooty,44,0.0
2010-04,whooty,23,0.0
2010-05,whooty,67,0.029850746268656716
2010-06,whooty,30,0.03333333333333333
2010-07,whooty,25,0.0
2010-08,whooty,27,0.0
2010-09,whooty,9,0.0
2010-10,whooty,38,0.0
2010-11,whooty,58,0.0
2010-12,whooty,35,0.0
2010-01,workaround,32,0.0
2010-03,workaround,27,0.0
2010-04,workaround,46,0.0
2010-05,workaround,18,0.0
2010-06,workaround,13,0.0
2010-07,workaround,12,0.0
2010-08,workaround,29,0.0
2010-09,workaround,27,0.0
2010-10,workaround,12,0.0
2010-11,workaround,19,0.0
2010-12,workaround,38,0.0
2010-01,wut,60,0.0
2010-02,wut,41,0.0
2010-03,wut,42,0.0
2010-04,wut,10,0.0
2010-05,wut,36,0.0
2010-06,wut,25,0.0
2010-07,wut,71,0.0
2010-08,wut,20,0.0
2010-09,wut,33,0.0
2010-10,wut,24,0.0
2010-11,wut,55,0.0
2010-12,wut,15,0.0
2010-01,zombie,11,0.0
2010-02,zombie,14,0.0
2010-03,zombie,9,0.0
2010-04,zombie,3,0.0
2010-05,zombie,22,0.0
2010-06,zombie,2,0.0
2010-07,zombie,14,0.0
2010-08,zombie,6,0.0
2010-09,zombie,8,0.0
2010-10,zombie,13,0.0
2010-11,zombie,7,0.0
2010-12,zombie,24,0.0
2010-01,zooted,49,0.0
2010-02,zooted,39,0.0
2010-03,zooted,76,0.0
2010-04,zooted,47,0.0
2010-05,zooted,10,0.0
2010-06,zooted,46,0.0
2010-07,zooted,49,0.0
2010-08,zooted,40,0.0
2010-09,zooted,29,0.0
2010-10,zooted,59,0.0
2010-11,zooted,9,0.0
2010-12,zooted,29,0.034482758620689655
2010-02,zories,1,0.0
2010-03,zories,3,0.0
2010-05,zories,4,0.0
2010-07,zories,1,0.0
2010-08,zories,5,0.0
2010-09,zories,3,0.0
2010-10,zories,3,0.0
2010-11,zories,1,0.0
2011-01,zories,2,0.0
2010-01,zounds,18,0.0
2010-02,zounds,13,0.0
2010-03,zounds,13,0.0
2010-04,zounds,17,0.0
2010-05,zounds,26,0.0
2010-06,zounds,8,0.0
2010-07,zounds,15,0.0
2010-08,zounds,15,0.0
2010-09,zounds,17,0.0
2010-10,zounds,14,0.0
2010-11,zounds,19,0.0
2010-12,zounds,11,0.0
