word,id,date,text,author_id,term_meaning,term_category,usage_context,is_ironic,annotation_notes
conniption,7442067185,2010-01-06,This day has that special kinda suck quality. You know where it sucks but not enough to get good & pissed & warrant a hellova conniption fit,14996358,"fit of anger, agitation, or hysteria",emotion,self_description,false,
conniption,7445068908,2010-01-06,@vtknitboy that's insane!  The weather peeps here are having a conniption over 1-3 for tonight,6008662,"fit of anger, agitation, or hysteria",emotion,commenting,false,"Observation about other people's reaction, not the speaker's own state."
conniption,7451465258,2010-01-06,Waiting in these lines is increasing my conniption.... BS,62317413,"fit of anger, agitation, or hysteria",emotion,self_description,false,Current-state report of the speaker's frustration.
conniption,7453355255,2010-01-06,This baby has a conniption at the same time everyday and interrupts my nap everyday. I will tie my tubes so quick...so help me Jesus!,14390960,"fit of anger, agitation, or hysteria",emotion,self_description,false,"Current-state report, even though framed playfully."
conniption,7458988219,2010-01-07,is having a mild conniption whilst in the car. &gt;:],73748305,"fit of anger, agitation, or hysteria",emotion,self_description,false,Current-state report of the speaker's mild conniption.
conniption,7459863800,2010-01-07,"@mentallyinked I can hear him about to have a conniption up there...wonder if I should go help?  Hmm, nahhhhhh.",78058429,"fit of anger, agitation, or hysteria",emotion,commenting,false,Observation about someone else being about to have a conniption.
conniption,7460510236,2010-01-07,my ole lady mama just walked in and I almost had a conniption. #betty #milf #cmonmama #1950sFTW,20389339,"fit of anger, agitation, or hysteria",emotion,humor,false,
conniption,7461982376,2010-01-07,"@joepawl Haha thank you, I was having a conniption about certain other commentors and it seemed like a good half-mock thing to do ;)",8924002,"fit of anger, agitation, or hysteria",emotion,humor,true,
conniption,7466566017,2010-01-07,@rsaeks I believe 'conniption' is the correct word for some people's reactions to it.,14845946,"fit of anger, agitation, or hysteria",emotion,commenting,false,
conniption,7476711281,2010-01-07,Canine conniption over a carpet commerical - FUNNY - http://www.wgy.com/pages/onair_weeks.html,16227220,"fit of anger, agitation, or hysteria",emotion,article_sharing,false,
conniption,7533105145,2010-01-08,@SeanGorman Patents! &lt;start conniption&gt; Spent $50K. Received patent. Told (after) it would cost as much as $1 M to defend.,15483150,"fit of anger, agitation, or hysteria",emotion,humor,true,
conniption,7533435602,2010-01-08,"@jharpster @SeanGorman &lt;conniption continuing&gt; you can not even mention your patent, b/c offender may file to quash, forcing $1 M expense.",15483150,"fit of anger, agitation, or hysteria",emotion,humor,true,
conniption,7534093272,2010-01-08,"@gletham &lt;conniption passing&gt; aye, mate. I've been trained to *not* call.",15483150,"fit of anger, agitation, or hysteria",emotion,humor,true,
conniption,7534620332,2010-01-08,"Who besides the Egyptian-walker, fuckers have a conniption! My existence persistent to bring foes misfortune¡",23769689,"fit of anger, agitation, or hysteria",emotion,self_description,false,
conniption,7542381575,2010-01-09,"if i see someone else w/ barbie in their name, i'm gonna have a conniption. like you dont have mattel written on your foot bitch!",25006066,"fit of anger, agitation, or hysteria",emotion,self_description,false,
conniption,7544403529,2010-01-09,O_O I'm going to have a conniption.,26183999,"fit of anger, agitation, or hysteria",emotion,self_description,false,
conniption,7545861956,2010-01-09,gonna watch #AMC now -- or have a conniption most likely while watching...,26855947,"fit of anger, agitation, or hysteria",emotion,self_description,false,
conniption,7641188512,2010-01-11,@JRoyalty88 whatever dude.. cuz last time i talked 2 u on the phone u had a conniption fit & told me i was a dry snitch! lmao,25962516,"fit of anger, agitation, or hysteria",emotion,humor,true,
conniption,7642477697,2010-01-11,@BrandonJones44 You are trying to kill me aren't you!  I'm having an actual conniption fit!  LOL,34953438,"fit of anger, agitation, or hysteria",emotion,commenting,true,"Conversational exaggeration with LOL, not strongly ironic. | Irony audit: Explicit comic exaggeration: 'actual conniption fit! LOL'."
conniption,7642741765,2010-01-11,Must fend off conniption fit. Must.,14662786,"fit of anger, agitation, or hysteria",emotion,humor,true,
conniption,7645373757,2010-01-11,"Self-Pep Talk | nachhaltiger.net: The ho-hum of life continues humming along in Conniption Land. We get up, prepar... http://bit.ly/6KgOHD",38234727,"fit of anger, agitation, or hysteria",emotion,article_sharing,false,
conniption,7645430942,2010-01-11,Self-Pep Talk « Conniption Knit http://bit.ly/4ySZFQ,80560300,"fit of anger, agitation, or hysteria",emotion,article_sharing,false,
conniption,7666626484,2010-01-12,no one is allowed to touch me these days. baby has a conniption and guards me. haha.,22540774,"fit of anger, agitation, or hysteria",emotion,humor,true,
conniption,7990053161,2010-01-20,"@jaredcotter I'm sure all the founding fathers are having conniption  fits with what's going on.  TWUGS and HUMPS, have a good day",30454637,"fit of anger, agitation, or hysteria",emotion,commenting,false,Observation about others having conniption fits.
conniption,7992112779,2010-01-20,"@GottaloveEKB aw man, brandon probably went into a conniption all moring.. ""she not answering, yall heard from erika!?!"" ""im worried""",33393393,"fit of anger, agitation, or hysteria",emotion,commenting,false,
conniption,7999054486,2010-01-20,Question: How Can You Give Your HR Manager a Conniption? http://bit.ly/15rUj7,17193137,"fit of anger, agitation, or hysteria",emotion,article_sharing,false,
conniption,8002530223,2010-01-20,"@ohheeeyTaay 'canniption' could be conniption, conniptions, caption, conniption's, Carnation or carnation.",38113411,"fit of anger, agitation, or hysteria",emotion,commenting,false,
conniption,8004355503,2010-01-20,@KrispyKareem conniption,90565066,"fit of anger, agitation, or hysteria",emotion,commenting,false,
conniption,8010627622,2010-01-21,If she ever knew about the blizzard we drove in between Green Bay and Valpo she would have a conniption.,16175744,"fit of anger, agitation, or hysteria",emotion,self_description,false,
conniption,8027109372,2010-01-21,@arconic I hope @triff didn't hear you. He'll have a conniption.,47621471,"fit of anger, agitation, or hysteria",emotion,commenting,false,Prediction about someone else's reaction.
conniption,8777709031,2010-02-07,Distressed sideways conniption,6024412,"fit of anger, agitation, or hysteria",emotion,commenting,false,
conniption,8784869881,2010-02-07,"@Miss_Conniption Hand those testicles over, you just don't deserve 'em! ] Go get your own. I earned mine",26974313,"fit of anger, agitation, or hysteria",emotion,commenting,false,
conniption,8800692581,2010-02-08,@gangbadoy You can't. Erwin will have a conniption. I need my publisher alive.,108630275,"fit of anger, agitation, or hysteria",emotion,self_description,false,
conniption,8811448180,2010-02-08,Sarah Palin writes notes on her hand and liberals are having a conniption. They can't defeat her on issues so they attack what's on her palm,101240140,"fit of anger, agitation, or hysteria",emotion,commenting,false,
conniption,9040498913,2010-02-13,@Miss_Caino Found the spelling:  conniption Phew that was bugging me!,31026086,"fit of anger, agitation, or hysteria",emotion,commenting,false,
conniption,9045139204,2010-02-13,somebody pray for me cuz right now I am really HAVING A CONNIPTION. if my phone charger would just work I'd be alright. OMG. HELP!!!!!!!!!!!,56532713,"fit of anger, agitation, or hysteria",emotion,self_description,false,Explicit present-state distress.
conniption,9056258922,2010-02-13,"@katyonish I never had so hurt. This conniption justified. I want to be better - but I can not. You know...i love the sky,i love the world..",106080488,"fit of anger, agitation, or hysteria",emotion,commenting,false,
conniption,9061018984,2010-02-13,@librarianbyday oh my he would have had a real conniption fit up here with 4 ft!,7658572,"fit of anger, agitation, or hysteria",emotion,self_description,false,
conniption,9070396307,2010-02-13,"there are strangers in my house, watching reality television, on MTV.  I think I might have a conniption fit.",15112989,"fit of anger, agitation, or hysteria",emotion,self_description,false,
conniption,9070576537,2010-02-13,@vikki_ikki ahhh conniption XD the socks ^^nice :D,72821618,"fit of anger, agitation, or hysteria",emotion,humor,true,
conniption,9077229091,2010-02-14,"When Obama went off reservation last week & proclaimed he had no problem with business making nice profits, wacko left had a conniption fit.",55991727,"fit of anger, agitation, or hysteria",emotion,commenting,false,Observation about others having conniption fits.
conniption,9079769567,2010-02-14,"But seriously, if someone didn't bring me to him. I was gonna have an even bigger conniption.",26649322,"fit of anger, agitation, or hysteria",emotion,commenting,false,
conniption,9079911111,2010-02-14,"My mom will prob have a conniption, my sister will just smh at me, my ex will slit his wrists...but I will be strutting HARD :-*",34828262,"fit of anger, agitation, or hysteria",emotion,self_description,false,
conniption,9083361970,2010-02-14,Number of guests much more than expected. Mom having conniption. Will go out and hunt for more food.,17896813,"fit of anger, agitation, or hysteria",emotion,self_description,false,
conniption,9278655221,2010-02-18,"Do you fantasize that your
tantrums and conniption fits could possibly be worth the $0.000000001
worth of electricity used to send them?",30173948,"fit of anger, agitation, or hysteria",emotion,self_description,false,
conniption,9298328744,2010-02-18,"I am having a freaking CONNIPTION becuz this stupid bitch just broke my Ed Hardy duffle OMG
REAL eyes REALize REAL lies",56532713,"fit of anger, agitation, or hysteria",emotion,self_description,false,
conniption,9309944300,2010-02-19,"I'm about to have a muthafuckin conniption and ppl still wanna try me, get the fuck outta here with that bullshit man",70820173,"fit of anger, agitation, or hysteria",emotion,self_description,false,
conniption,10236084046,2010-03-09,Slow Internets today - Tweetdeck is incommunicado and Tweetvisor is having a conniption loading and Uber Twitter wouldn't let me upload ;(,22538866,"fit of anger, agitation, or hysteria",emotion,self_description,false,
conniption,10237626395,2010-03-09,@JustinDJacobson I'm not in Ethics now. He'd have a conniption. And I an F.,1786141,"fit of anger, agitation, or hysteria",emotion,self_description,false,
conniption,10244150845,2010-03-09,"Clocking in early to work. If somebody with no teeth gets at me today, I might have a conniption.",120867346,"fit of anger, agitation, or hysteria",emotion,self_description,false,
conniption,10245820467,2010-03-10,bout 5 sec away from a full mental break down and conniption ..ugh.,19614492,"fit of anger, agitation, or hysteria",emotion,self_description,false,Immediate first-person near-breakdown report.
conniption,10251723543,2010-03-10,@TimWayne don't have a conniption (sp)!,19614563,"fit of anger, agitation, or hysteria",emotion,self_description,false,
conniption,10278788417,2010-03-10,conniption. stat.,16268918,"fit of anger, agitation, or hysteria",emotion,commenting,false,
conniption,10281119813,2010-03-10,muffins to cure the conniption!,16268918,"fit of anger, agitation, or hysteria",emotion,commenting,false,
conniption,10291528609,2010-03-10,Just sent off a wireframe that I translated using Google. Hope the recipient (who is a native speaker) doesn't have a conniption fit.,7991182,"fit of anger, agitation, or hysteria",emotion,self_description,false,
conniption,10295809484,2010-03-11,"@MrsJT08 Ahhhh, I see.  Well, I am just glad you got it turned in and she didn't have a conniption fit about it and send it back 2 u!  LOL",47653753,"fit of anger, agitation, or hysteria",emotion,commenting,false,"Conversational remark with LOL, not strongly joke-first."
conniption,10304312886,2010-03-11,@ReganWrites #2 calling Kyle. (if only you could see me rolling my eyes at all this) It's a good thing I'm sick.  I'd be having a conniption,120611784,"fit of anger, agitation, or hysteria",emotion,commenting,false,
conniption,10304480500,2010-03-11,@ATL_artgirl You wrote conniption and spelled it right! with a fever!? Mom of the year #ftw!,89388720,"fit of anger, agitation, or hysteria",emotion,commenting,false,
conniption,10304591603,2010-03-11,@ReganWrites hissy fit had too many characters.  And the spell-check thing told me I spelled conniption wrong first time around.  :),120611784,"fit of anger, agitation, or hysteria",emotion,commenting,false,
conniption,10307920182,2010-03-11,These skittles with secret middles are going to give me a conniption. (I spelled that wrong.),51892168,"fit of anger, agitation, or hysteria",emotion,commenting,false,
conniption,10321979802,2010-03-11,Thank you iTunes for choosing this moment of all moments to have a conniption and wipe my iPod of all my purchases. #AppleFail,17054483,"fit of anger, agitation, or hysteria",emotion,self_description,false,
conniption,10331701802,2010-03-11,Still no replacement phone. It better come tomorrow or I may just have a conniption fit in the Apple Store.,28612824,"fit of anger, agitation, or hysteria",emotion,self_description,false,
conniption,10331827127,2010-03-11,@theREALnapoleon omg lol. i was shocked she didnt have a conniption when i e-filed,14191105,"fit of anger, agitation, or hysteria",emotion,commenting,false,"Conversational remark with LOL, not strongly joke-first."
conniption,10337813933,2010-03-11,"Holly is going to have a conniption, Flyball is about to start...........",23429846,"fit of anger, agitation, or hysteria",emotion,self_description,false,
conniption,10874462412,2010-03-22,Twitter is having a fuckin conniption again. I'm only seeing my mentions from people and some random tweets. Come on Twitter.It'sbeenhowlong,35689153,"fit of anger, agitation, or hysteria",emotion,commenting,false,
conniption,10875197654,2010-03-22,@caitlinbkoch in gmat class we were doing sentence correction and one of them was ending sentences in prepositions and i had a conniption,18128068,"fit of anger, agitation, or hysteria",emotion,commenting,false,
conniption,10881656792,2010-03-22,Rush is having an on-air conniption fit.,6214082,"fit of anger, agitation, or hysteria",emotion,self_description,false,
conniption,10887177065,2010-03-22,@SexMeNickJ i need that laptop. i honestly had a conniption when i saw it.,43221094,"fit of anger, agitation, or hysteria",emotion,self_description,false,Immediate first-person state report.
conniption,10891219515,2010-03-22,OMG TWITTER YOUR BACK! i had a conniption!,66494160,"fit of anger, agitation, or hysteria",emotion,reaction,false,Short affective outburst about Twitter being back.
conniption,10898064930,2010-03-23,My upstairs neighbor is vacuuming and I seriously think the dog is about to enter a full blown conniption fit.,15854560,"fit of anger, agitation, or hysteria",emotion,self_description,false,
conniption,10920462299,2010-03-23,my ex is over there haven a conniption about L-Jay thooooooooooooooooooooooo,79338868,"fit of anger, agitation, or hysteria",emotion,commenting,false,
conniption,11439922573,2010-04-01,I witnessed a real life conniption fit in the car in front of me.  Great definition; wish i had video.,106577196,"fit of anger, agitation, or hysteria",emotion,self_description,false,
conniption,11443125457,2010-04-01,I'm just gonna go out on a limb and say judging by his conniption regarding the TMS hoax that Jeff Gluck isn't a fan of April Fool's Day.,17793331,"fit of anger, agitation, or hysteria",emotion,commenting,false,
conniption,11446865117,2010-04-01,"@Im_a_b DEAD @ you throwing a tantrum. Breathe, not that serious. We don't even know if it's true yet. Wait before you have a conniption.",44218724,"fit of anger, agitation, or hysteria",emotion,self_description,false,
conniption,11452472356,2010-04-02,All these late nights are giving me a conniption fit,17832889,"fit of anger, agitation, or hysteria",emotion,self_description,false,
conniption,11452949126,2010-04-02,"Added to my list of not used frequently enough words:  Kibash, conniption and hijinks.  :D",23801039,"fit of anger, agitation, or hysteria",emotion,commenting,false,
conniption,11453851983,2010-04-02,almost had a conniption in lower manhattan. went through a host of emotions.,22317890,"fit of anger, agitation, or hysteria",emotion,self_description,false,Reports the speaker almost having a conniption.
conniption,11455870778,2010-04-02,"A couple vacationed in Jerusalem, where the wifedied from a conniption fit over a sour pickle in a restaurant. The... http://bit.ly/bQX9tC",29333005,"fit of anger, agitation, or hysteria",emotion,article_sharing,false,
conniption,11458040158,2010-04-02,RT @misterprince: almost had a conniption in lower manhattan. went through a host of emotions. (Where in lower manhattan ru?),33234005,"fit of anger, agitation, or hysteria",emotion,commenting,false,
conniption,11458877947,2010-04-02,Maaaaan. I can't stand a bitch dat don't have a sense of direction. Makes me wanna have a conniption.,24491162,"fit of anger, agitation, or hysteria",emotion,self_description,false,
conniption,11469362664,2010-04-02,I'm bout 2 have a screamin conniption fit !!! Me & @beautiful_L,16251972,"fit of anger, agitation, or hysteria",emotion,self_description,false,
conniption,11747729153,2010-04-07,"@pingkiza Nah, hubby had a conniption at the price of em, I'll get em one day!",23747487,"fit of anger, agitation, or hysteria",emotion,commenting,false,
conniption,11764194553,2010-04-07,so jones lost my student loan file. bitch tried to tell me i didn't even turn in an application. im about to have a fucking conniption.,74669949,"fit of anger, agitation, or hysteria",emotion,self_description,false,
conniption,11764451147,2010-04-07,"Nearly had a conniption @styledotcom  I read that as ""Zac Efron's Target collection"" and was thinking, ""What in the HELL?""",129864834,"fit of anger, agitation, or hysteria",emotion,commenting,false,
conniption,11769507032,2010-04-07,"@YPDSing @steviejallday @YPRuck I was having a mental conniption (i looked it up, that's how you spell it lol)",71486180,"fit of anger, agitation, or hysteria",emotion,humor,false,
conniption,11798970581,2010-04-08,@PatDollard Don't you know that the MSM is having a conniption fit that the crowd love Palin and Bachman?,20539213,"fit of anger, agitation, or hysteria",emotion,self_description,false,
conniption,11802247884,2010-04-08,@zbmj sending the new yorker into conniption too... sort of.. http://www.newyorker.com/reporting/2010/04/12/100412fa_fact_mcgrath,34764457,"fit of anger, agitation, or hysteria",emotion,commenting,false,
conniption,11833854691,2010-04-08,"@Bluecjay if the boycott failed, why is glennie beck having a conniption fit over it?",84647483,"fit of anger, agitation, or hysteria",emotion,self_description,false,
conniption,11833861272,2010-04-08,"via @huffingtonpost: Pitchforks, Torches and Tivos (A Conniption Over Harsh Words About A Captive... http://huff.to/cjva9g",18009912,"fit of anger, agitation, or hysteria",emotion,self_description,false,
conniption,11833862539,2010-04-08,"@Mick4Liberty if the boycott failed, why is glennie beck having a conniption fit over it?",84647483,"fit of anger, agitation, or hysteria",emotion,self_description,false,
conniption,11841257901,2010-04-08,My door is closed and I still hear u crunching...what the hell are u eating? I'm bout to have a conniption!,97795897,"fit of anger, agitation, or hysteria",emotion,self_description,false,
conniption,11843700834,2010-04-08,@Peapods bb it's been at least a DAY since you've added to #Italy. A CONNIPTION. You're giving me one!,16286187,"fit of anger, agitation, or hysteria",emotion,commenting,false,
conniption,11858017442,2010-04-09,RT @_amber: Viewfinder: Logorama http://bit.ly/dDi4NU - Cayce Pollard's nightmare... [bonus points for the use of the word conniption],6092742,"fit of anger, agitation, or hysteria",emotion,article_sharing,false,
conniption,11881110912,2010-04-09,More marketers think social media will have quantifiable results this year. @adcontrarian might have a conniption! http://cot.ag/bBfD6X,8918032,"fit of anger, agitation, or hysteria",emotion,self_description,false,
conniption,11881517782,2010-04-09,RT @JasonFalls: More marketers think social media will have quantifiable results this year. @adcontrarian might have a conniption! http: ...,66366347,"fit of anger, agitation, or hysteria",emotion,self_description,false,
conniption,11883060775,2010-04-09,"@MadNad WELL SAID!!!!!!!!!! OMFG. I'm having a conniption as we speak. PLEASE let this be a big, fat rumour!",23747487,"fit of anger, agitation, or hysteria",emotion,self_description,false,
conniption,11885356053,2010-04-09,abt 2throw a conniption fit up in here.Robert Patterson 2play Kurt Cobain http://bit.ly/8Yfiwl (via the sun take w/grain of salt),1642681,"fit of anger, agitation, or hysteria",emotion,commenting,false,"Strong personal reaction with a link, not neutral article sharing."
conniption,12044955184,2010-04-12,"@emmajanedavies @frandowdsofa you really want a conniption?
 Try the moral maze!",27259169,"fit of anger, agitation, or hysteria",emotion,commenting,false,
conniption,12062437881,2010-04-12,"About to have a conniption fit! Just planned out my night I have SO much to do, so don't be surprised if my head explodes before tomorrow..",19774179,"fit of anger, agitation, or hysteria",emotion,self_description,false,
conniption,12072528772,2010-04-12,Looking for Objective C programmers to join team Conniption... meaning iPhone/iPod Touch/iPad... anyone got any leads?,31064471,"fit of anger, agitation, or hysteria",emotion,commenting,false,
conniption,12072633408,2010-04-12,RT @MichaelSeltmann: Looking for Objective C programmers to join team Conniption... meaning iPhone/iPod Touch/iPad... anyone got any leads?,109027399,"fit of anger, agitation, or hysteria",emotion,commenting,false,
conniption,12075458366,2010-04-13,@CountryBoy_Troy iKnow U Are [SLOWLY] Having A ::CONNIPTION:: Wit #iKe&TiNa Here...,38280761,"fit of anger, agitation, or hysteria",emotion,commenting,false,
conniption,12076270799,2010-04-13,RT @noiresbella: RT @iTz_DaWi5eGuy @CountryBoy_Troy iKnow U Are [SLOWLY] Having A ::CONNIPTION:: Wit (cont) http://tl.gd/rfhge,38280761,"fit of anger, agitation, or hysteria",emotion,commenting,false,
conniption,12078377503,2010-04-13,"@BagelofDeath It seemed fine until I opened a fresh comic, and then Firefox had what I can only call a 'total god damn conniption fit'.",111606997,"fit of anger, agitation, or hysteria",emotion,self_description,false,
conniption,12080352448,2010-04-13,@Nofingaprintz lol not a conniption or however its spelled! lol,22227245,"fit of anger, agitation, or hysteria",emotion,humor,false,
conniption,12087969104,2010-04-13,"If I ever hear someone telling someone else to ""get over"" a loved one's death again, I will have a conniption fit.",18738462,"fit of anger, agitation, or hysteria",emotion,self_description,false,
conniption,13099633225,2010-04-30,plus i'm hungry and i ain't had no nap today. i finna have another muthafuckin conniption in this bitch.,76437939,"fit of anger, agitation, or hysteria",emotion,self_description,false,Current-state first-person frustration.
conniption,13104236070,2010-04-30,"If the #Sabres or #Bills had titles, were dominant & still as overlooked as the #Spurs, Buffalo would have a conniption. Duncan = incredible",27625739,"fit of anger, agitation, or hysteria",emotion,self_description,false,
conniption,13104288354,2010-04-30,"RT @NicholasMendola: If the #Sabres or #Bills had titles, were dominant & still as overlooked as the #Spurs, Buffalo would have a connip ...",18022253,"fit of anger, agitation, or hysteria",emotion,commenting,false,
conniption,13104840083,2010-04-30,@NicholasMendola we haven't even won titles and people have a conniption cause we r overlooked it's our #buffalo inferiority gene kicking in,61559787,"fit of anger, agitation, or hysteria",emotion,self_description,false,
conniption,13105932984,2010-04-30,@NicholasMendola we haven't even won titles and people have a conniption cause we r overlooked it's our #buffalo i... http://bit.ly/9Oy8Qq,18048610,"fit of anger, agitation, or hysteria",emotion,article_sharing,false,
conniption,13112989680,2010-04-30,"If I see one more plural with an apostrophe in it, I'm going to have a conniption. Recent sightings: Aussie's, pizza's, chooka's. #OMFG",16835338,"fit of anger, agitation, or hysteria",emotion,self_description,false,
conniption,13114110071,2010-04-30,@rfbinvestments I see ya there mister ! I'm bout conniption fit at work,16251972,"fit of anger, agitation, or hysteria",emotion,self_description,false,
conniption,13116661926,2010-04-30,"RT @DrBones_McCoy: @EnsignRiley Stay off the Goddamn bridge then. Spock will kill you, Nurse Chapel will go into a conniption and I will ...",124970062,"fit of anger, agitation, or hysteria",emotion,commenting,false,
conniption,13127094068,2010-04-30,@Etcet @Cavalorn @Stillphosphor Laughing myself into a conniption here . . . Bean is asking WHY ARE YOU LAUGHING and I am unable to reply!,68552631,"fit of anger, agitation, or hysteria",emotion,commenting,false,
conniption,13131436487,2010-04-30,"@chelsannxoxo the cheapest was like $8,000. lol I nearly had a conniption : D",30208782,"fit of anger, agitation, or hysteria",emotion,humor,false,
conniption,13971167787,2010-05-14,"@mrmarkmillar Monochamus, coniferous, Foccacia,  or conniption. The latter may be easier to squeeze in as it is (cont) http://tl.gd/19pplh",89491531,"fit of anger, agitation, or hysteria",emotion,commenting,false,
conniption,13987128011,2010-05-14,"So true: A Southerner knows the difference between a hissy fit and a conniption fit-- you don't ""HAVE"" them, you ""PITCH"" them.",35036166,"fit of anger, agitation, or hysteria",emotion,self_description,false,
conniption,13987244274,2010-05-14,"""All the kids at school are gonna have a conniption when they get a load of my funky egyptian""",44640892,"fit of anger, agitation, or hysteria",emotion,self_description,false,
conniption,13987278922,2010-05-14,I like the word conniption. I think I'll go have one. 'Scuse me.,43737025,"fit of anger, agitation, or hysteria",emotion,commenting,false,
conniption,13990318729,2010-05-14,"The fireworks part is kinda dope though.. LOL, Minus all the freakin cuts.. What the Heck Ya'll.. Im about to have a Conniption.",21733928,"fit of anger, agitation, or hysteria",emotion,humor,false,
conniption,13998677410,2010-05-14,this guy at the golf tournament just asked me to rub aloe on him and he took his shirt off and i thot i was gonna have a conniption!!,112252754,"fit of anger, agitation, or hysteria",emotion,self_description,false,
conniption,14005573284,2010-05-15,if youre the type to look up the correct spelling of conniption fit should it come up in conversation then youre also the type to throw one.,24758228,"fit of anger, agitation, or hysteria",emotion,self_description,false,
conniption,14007041260,2010-05-15,@Kim0Br0wn @reNUPEdfokus...WHICH Law & Order?! I'm gonna have a freakin conniption if its SVU..,28505437,"fit of anger, agitation, or hysteria",emotion,commenting,false,
conniption,14016587056,2010-05-15,"@FROactiv  I'd have a fundamental ghetto conniption and tell the haters, ""Ima do me.""",41688867,"fit of anger, agitation, or hysteria",emotion,commenting,false,
conniption,14028922726,2010-05-15,@LucyMangan Glad you like Twitter too. Happy to be a fairy at the bottom of your garden. You've also taught me a new word: 'conniption': ta.,18527705,"fit of anger, agitation, or hysteria",emotion,commenting,false,
conniption,14044119823,2010-05-15,At breakfast sitting near Josh Pastner. Grace is having a conniption fit.,15005806,"fit of anger, agitation, or hysteria",emotion,self_description,false,
conniption,14048797320,2010-05-15,@lindawoods    ...a kindle conniption...cool!!!  :),46566955,"fit of anger, agitation, or hysteria",emotion,commenting,false,
conniption,14052396453,2010-05-15,"I've learned 2 new words today: 'conniption' & 'misandrist', thanks to @LucyMangan & @little_wing123 respectively. Every day's a school day.",18527705,"fit of anger, agitation, or hysteria",emotion,commenting,false,
conniption,15213854361,2010-06-02,ELI IS COMEING THIS WEEKEND. - CONNIPTION I AM HAVEING RIGHT NOW. OMG OMG OMG OMG HE IS COMEING FOR REAL.... http://tumblr.com/xonatuq79,100678594,"fit of anger, agitation, or hysteria",emotion,commenting,false,
conniption,15214483720,2010-06-02,@ArcFenBlu Did you just have a conniption?,119307340,"fit of anger, agitation, or hysteria",emotion,self_description,false,
conniption,15226126191,2010-06-02,RT @elonjames #Repost: Bill Maher says shit that if Rush Limbaugh said he'd have a conniption about... http://twib.me/3l,21879831,"fit of anger, agitation, or hysteria",emotion,self_description,false,
conniption,15233489481,2010-06-02,"RT @demotecontrol: @olearymo Eh? i'M ExCITED abot my iPAD, don't hav a CONNIPTION",109027399,"fit of anger, agitation, or hysteria",emotion,commenting,false,
conniption,15235416713,2010-06-02,Oyyyyyyy Vea !!! Feel a conniption fit coming on,16251972,"fit of anger, agitation, or hysteria",emotion,self_description,false,
conniption,15236370984,2010-06-02,"verdure justification! Conniption, cosmogony chronicler diffuseness self-satisfaction.",94491215,"fit of anger, agitation, or hysteria",emotion,commenting,false,
conniption,15241914457,2010-06-02,"@mofgimmers I kept my placenta in the freezer for two years, one day my MIL came over and had a mild conniption over the 'BIOHAZARD' bag",108846493,"fit of anger, agitation, or hysteria",emotion,self_description,false,
conniption,15248979128,2010-06-02,this bitch really has on my shit in this picture!!! this trifling ass BITCH really stole my shit? OH NO. I'M HAVING A CONNIPTION.,56532713,"fit of anger, agitation, or hysteria",emotion,self_description,false,
conniption,15265019768,2010-06-02,I have a strange feeling mixing 32 and 64-bit java environments is going to cause Windows 7 to go into conniption fits. :( ORACLE!!!! &gt;:(,15025216,"fit of anger, agitation, or hysteria",emotion,self_description,false,
conniption,15880924428,2010-06-10,My iPhone is frozen.  I'm having a conniption here!  HELP!!!!!!!!!!,24363744,"fit of anger, agitation, or hysteria",emotion,self_description,false,
conniption,15883312217,2010-06-10,i am having a full all out conniption right now!!!!!!!!!!!!,101979704,"fit of anger, agitation, or hysteria",emotion,self_description,false,
conniption,15894891115,2010-06-11,"@Eeoor Ah, cool. Somewhere, someplace, @karinalibbey is having a conniption for not hearing about this sooner..Did tickets just go on sale?",14166783,"fit of anger, agitation, or hysteria",emotion,commenting,false,
conniption,15900886800,2010-06-11,LOL'ing @ myself-I was looking @ my grades & saw a 1.7 & almost had a conniption-Then I realized that 1.7 means 85 *wipes sweat from brow*,22529250,"fit of anger, agitation, or hysteria",emotion,humor,false,
conniption,15907701659,2010-06-11,Going to bed before I work myself into a conniption.,12741442,"fit of anger, agitation, or hysteria",emotion,self_description,false,Speaker managing their own emotional state.
conniption,15927754807,2010-06-11,David Brooks: trying his darndest to give @NYTimeskrugman a conniption http://nyti.ms/9rT0mk,17811512,"fit of anger, agitation, or hysteria",emotion,commenting,false,
conniption,15931011198,2010-06-11,"NYT conniption over iterations of the word twitter
http://tinyurl.com/2bjjf8q",14049695,"fit of anger, agitation, or hysteria",emotion,self_description,false,
conniption,15938589954,2010-06-11,"I am sooo ready to get off work! If i alphabetize (sp) ONE more thing, ima have a conniption!!! [i'm hungry too] #tiredtweet",35523644,"fit of anger, agitation, or hysteria",emotion,self_description,false,
conniption,16673141401,2010-06-21,@Tazaraki I'm having a tiny conniption. I want this more than anything you don't even know. +squee+ Plus I don't want to be alone in Japan.,14578032,"fit of anger, agitation, or hysteria",emotion,self_description,false,
conniption,16714623629,2010-06-21,"@MissWright1920 Ma'am you have never seen ""The Wiz""! OMG! Ooooooo @RRice27927 and @shaemarie67 are going to have a conniption fit!",132245201,"fit of anger, agitation, or hysteria",emotion,self_description,false,
conniption,16714688787,2010-06-21,I had a great morning... The afternoon not so much! If this car place doesn't call me back I'm going to have a conniption fit!,78967628,"fit of anger, agitation, or hysteria",emotion,self_description,false,
conniption,16722697474,2010-06-21,My boss is totally going to have a conniption if I'm not there for audits on both days. #InstantHeadache,43137410,"fit of anger, agitation, or hysteria",emotion,commenting,false,Observation about another person/thing's reaction.
conniption,16723537170,2010-06-21,I know i'm having a bad conniption cause i'm peeling my nail polish off,15395880,"fit of anger, agitation, or hysteria",emotion,self_description,false,
conniption,16725754363,2010-06-21,but lemme roll out b4 @pagesofle have a conniption. lmao,16249472,"fit of anger, agitation, or hysteria",emotion,humor,true,
conniption,16731487534,2010-06-22,"hey guys... I'm sittin' outside the 24-hour Apple Store havin' a conniption............ my MACBOOK don' DIEEED.......LAWWWWWWD LAWWD! :,'-{",16355432,"fit of anger, agitation, or hysteria",emotion,self_description,false,Immediate first-person state report.
conniption,16731883670,2010-06-22,CONNIPTION CONNIPTION CONNIPTION!!!!!!!! FUCCCCCCKKKK TODAY!!!!!!!!!!!!!,15395880,"fit of anger, agitation, or hysteria",emotion,commenting,false,
conniption,18963277728,2010-07-20,@_UncleDave I wouldve had a conniption if Deadman wouldve came out,17435403,"fit of anger, agitation, or hysteria",emotion,commenting,false,
conniption,18968841766,2010-07-20,i jus had a baby slug crawling on my thigh...i bout died...& had an conniption. I HATEEEE BUGGGGGSSSSSSSSSSSSSSSSSSS.,48042413,"fit of anger, agitation, or hysteria",emotion,commenting,false,
conniption,18972310128,2010-07-20,Occidental Dissent- Go Back To Europe!: While the NAACP and the liberal blogosphere have a conniption fit over the... http://bit.ly/aOkNJx,67535822,"fit of anger, agitation, or hysteria",emotion,article_sharing,false,
conniption,18972311193,2010-07-20,Go Back To Europe!: While the NAACP and the liberal blogosphere have a conniption fit over the so-called... http://bit.ly/aOkNJx #gop #tcot,145948248,"fit of anger, agitation, or hysteria",emotion,article_sharing,false,
conniption,18972318825,2010-07-20,"Go Back To Europe!: While the NAACP and the liberal blogosphere have a conniption fit over the so-called “rac... http://anw04.tk
 #teaparty",146170527,"fit of anger, agitation, or hysteria",emotion,self_description,false,
conniption,18972319491,2010-07-20,Go Back To Europe!: While the NAACP and the liberal blogosphere have a conniption fit over the so-called ... http://bit.ly/aOkNJx #tcot #p2,139196764,"fit of anger, agitation, or hysteria",emotion,article_sharing,false,
conniption,18973038864,2010-07-20,"My cat sleeps contently, constantly & pretends to care about me whenever I pass-by, rolling into a conniption, begging for a back scratch",103065252,"fit of anger, agitation, or hysteria",emotion,commenting,false,
conniption,18980908222,2010-07-20,"@decobroad I love that new word ""conniption""; thank you. Truly ashamed and gutted it has escaped me all these years. Hell won't keep me.",52069954,"fit of anger, agitation, or hysteria",emotion,commenting,false,
conniption,18981110795,2010-07-20,@decobroad Oooooooh. Imagine a conniption inducing poem.,52069954,"fit of anger, agitation, or hysteria",emotion,commenting,false,
conniption,18981706374,2010-07-20,@andiabz Oh what a conniption of language you're spewing there :p,14858378,"fit of anger, agitation, or hysteria",emotion,commenting,false,
conniption,18990965158,2010-07-20,The hell is goin on outside?  Sounds like a paddy wagon having a conniption fit.,38514190,"fit of anger, agitation, or hysteria",emotion,self_description,false,
conniption,18991079501,2010-07-20,Might have a conniption over the balance on my credit card this month. Of course all home improvement projects need to happen at once.,14360842,"fit of anger, agitation, or hysteria",emotion,self_description,false,
conniption,18995501877,2010-07-20,RT @WhiteCivilRight: Go Back To Europe!: While the NAACP and the liberal blogosphere have a conniption fit over the so-called ... http:/ ...,26421743,"fit of anger, agitation, or hysteria",emotion,self_description,false,
conniption,18997160971,2010-07-20,"Usual To SpearHead ToDays Discussion. So While He Was Playing Tha Music, He Has This ::|CONNIPTION|::FiT And Cancels Class.",38280761,"fit of anger, agitation, or hysteria",emotion,commenting,false,
conniption,18997788261,2010-07-20,@theNFLchick Woo Saa! Simmer down LOL! Ur gonna have a conniption b4 the 1st preseason game at the rate ur going!,116680155,"fit of anger, agitation, or hysteria",emotion,commenting,false,"Conversational remark, not strongly joke-first."
conniption,19005272083,2010-07-20,having a FUCKING CONNIPTION! Wtf,161052864,"fit of anger, agitation, or hysteria",emotion,commenting,false,
conniption,19018376299,2010-07-20,im bouta have a conniption in 2.3 seconds.,110626140,"fit of anger, agitation, or hysteria",emotion,self_description,false,
conniption,19025323083,2010-07-20,Trying to install photo software. On the cusp of a class 5 conniption.,12399882,"fit of anger, agitation, or hysteria",emotion,commenting,false,
conniption,19031728182,2010-07-20,"/\ Conniption... Our goal is to be the biggest band in the universe since Wyld Stallions! Our debut album-demo ""... http://trim.li/nk/2TAi",140091707,"fit of anger, agitation, or hysteria",emotion,commenting,false,
conniption,19038151533,2010-07-21,@carriebenton You get extra points if the conniption was over something trivial. I once had one over slightly overcooked steak.,20624807,"fit of anger, agitation, or hysteria",emotion,commenting,false,
conniption,19040937002,2010-07-21,im really about to get in the shower before this nigga has a conniption .,112266237,"fit of anger, agitation, or hysteria",emotion,commenting,false,
conniption,19059141131,2010-07-21,*sigh* let me call this fool back.before he has a conniption,96728970,"fit of anger, agitation, or hysteria",emotion,commenting,false,
conniption,19847285436,2010-07-29,Is there a difference between a hissie fit and a conniption?,67940616,"fit of anger, agitation, or hysteria",emotion,commenting,false,
conniption,19847319838,2010-07-29,“@TedInJest: Is there a difference between a hissie fit and a conniption?” / Best question of the month! Hmmm,117330677,"fit of anger, agitation, or hysteria",emotion,commenting,false,
conniption,19847347483,2010-07-29,RT @TedInJest: Is there a difference between a hissie fit and a conniption?,31489989,"fit of anger, agitation, or hysteria",emotion,commenting,false,
conniption,19847357714,2010-07-29,And /or a Meltdown ?? RT @TedInJest: Is there a difference between a hissie fit and a conniption?,42959251,"fit of anger, agitation, or hysteria",emotion,commenting,false,
conniption,19847428697,2010-07-29,@TedInJest Excellent question! I've always thought a hissie was a lower level fit than a conniption! ;-),60143155,"fit of anger, agitation, or hysteria",emotion,commenting,false,
conniption,19847477119,2010-07-29,@TedInJest I imagine hissie fit to be more juvenile and whining. conniption is just crazy LOL,36775843,"fit of anger, agitation, or hysteria",emotion,humor,false,
conniption,19859283554,2010-07-29,And here I was thinking I didn't know what I wanted for my b-day.  Problem solved!  (Brad will have a conniption!) http://is.gd/dRADQ,18407953,"fit of anger, agitation, or hysteria",emotion,self_description,false,
conniption,19873790859,2010-07-30,AND she ate the last if the greens?! X| ..I'm really gonna have a conniption!,100515149,"fit of anger, agitation, or hysteria",emotion,self_description,false,
conniption,19886311982,2010-07-30,It is a bit awkward to tweet only at night due to Internet conniption matter in downtown NYC. Finding proper wifi spot matters.,84851558,"fit of anger, agitation, or hysteria",emotion,commenting,false,
conniption,19914104461,2010-07-30,im havin a friggin conniption!!!,44801811,"fit of anger, agitation, or hysteria",emotion,commenting,false,
conniption,20177932963,2010-08-02,jewels the seize a conniption convoke you more consequential!: To buy or not to buy Tibetan Necklaces (http://www.... http://bit.ly/aDBa8j,40430504,"fit of anger, agitation, or hysteria",emotion,article_sharing,false,
conniption,20182824296,2010-08-03,"I think Sav just had a conniption, pahahaha",63018130,"fit of anger, agitation, or hysteria",emotion,humor,true,
conniption,20198445188,2010-08-03,Tumblr doesn't feel like working right and I'm having a bit of a conniption over it.,61596645,"fit of anger, agitation, or hysteria",emotion,self_description,false,
conniption,20199480129,2010-08-03,"RT @hepdog: Introducing The Elder Statesman http://thehundreds.com/rob/ if you like cashmere, you will have a conniption over this!",42535805,"fit of anger, agitation, or hysteria",emotion,self_description,false,
conniption,20200319203,2010-08-03,"Check this blog!ROB
Introducing The Elder Statesman http://thehundreds.com/rob/ if you like cashmere, you will have a conniption over this!",161369486,"fit of anger, agitation, or hysteria",emotion,self_description,false,
conniption,20218798918,2010-08-03,I'm enjoying the collective conniption fit people are having over Microsoft.Data.  Quite amusing.,35290570,"fit of anger, agitation, or hysteria",emotion,self_description,false,
conniption,20219394569,2010-08-03,@the1st_noell ima pray for this conniption your having right now!,101979704,"fit of anger, agitation, or hysteria",emotion,commenting,false,
conniption,20223368878,2010-08-03,Thank you JESUS. i recovered 9 of the 10 pages. conniption averted.,22495667,"fit of anger, agitation, or hysteria",emotion,commenting,false,
conniption,20236979312,2010-08-03,Crazy!This man has to watch porn as therapy & the power went out so the tv is off.He's def. havin a conniption! #smh,107910869,"fit of anger, agitation, or hysteria",emotion,commenting,false,
conniption,20238108683,2010-08-03,"If I have to hear BMF one more time, I'm gonna fn have a conniption!",70763973,"fit of anger, agitation, or hysteria",emotion,self_description,false,
conniption,20416417957,2010-08-05,"@JoeyRichter Please post a link hah. Tumblr is going to have an conniption when it comes out. The whole cast should get on tumblr, Devin is!",25442619,"fit of anger, agitation, or hysteria",emotion,commenting,false,
conniption,20422714675,2010-08-06,"(cont) and teenage girls having conniption fits. Eeek! We all wanna have your baby, Nick Carter!.....hahaha oh i love it",21527768,"fit of anger, agitation, or hysteria",emotion,humor,true,
conniption,20423115333,2010-08-06,"@bombshellzine Conniption fit. Iron Maiden, Social Distortion, Slash, The Bronx, The Gaslight Anthem all on the same bill. #fuckyeah",16845536,"fit of anger, agitation, or hysteria",emotion,self_description,false,
conniption,20438197423,2010-08-06,you send me into more conniption fits more then you will ever realize :),118160609,"fit of anger, agitation, or hysteria",emotion,self_description,false,
conniption,20440373348,2010-08-06,"four yr old $2.99, 36 yr old mom in the middle of a mid~life crisis/shit conniption $free. Thank you Old Country Buffet...",33573006,"fit of anger, agitation, or hysteria",emotion,commenting,false,
conniption,20441749070,2010-08-06,I'm having a conniption over the your/you're (and even your're) mistakes that I've seen today. Hurts my brain.,14951870,"fit of anger, agitation, or hysteria",emotion,self_description,false,
conniption,20447018702,2010-08-06,@muSicFienDkiCks What you over there having a conniption about? Lol,21367136,"fit of anger, agitation, or hysteria",emotion,commenting,false,"Conversational remark, not strongly joke-first."
conniption,20451765123,2010-08-06,"@anthrogeekPF Ya. Cute in a ""oh look at 5 people having a physical conniption in unison"" kinda way. LOL",20810375,"fit of anger, agitation, or hysteria",emotion,humor,false,
conniption,20561690826,2010-08-07,Just had an image of how Ryan Sidebottom would react if Eng were similarly pish in the field. Damn... #conniption #apoplexy #rage #cricket,17104253,"fit of anger, agitation, or hysteria",emotion,commenting,false,
conniption,20588229611,2010-08-08,let's hope the mets pull out this no hitter so @richmacleod won't have a conniption.,70834043,"fit of anger, agitation, or hysteria",emotion,commenting,false,Observation about someone else's possible conniption.
conniption,20593535970,2010-08-08,I'm about to have a damn conniption.,169428432,"fit of anger, agitation, or hysteria",emotion,self_description,false,
conniption,20595043421,2010-08-08,I think I'm bout 2have a conniption lls,68798044,"fit of anger, agitation, or hysteria",emotion,self_description,false,
conniption,20598361656,2010-08-08,Have I mentioned lately how much I hate the BITCH. I hate her. I hate her... So help me GOD I am going to have a conniption soon...,126444165,"fit of anger, agitation, or hysteria",emotion,self_description,false,
conniption,20600131359,2010-08-08,"I dun think I could deal with that ish all day, eryday, i'd have a conniption my dude!",63979177,"fit of anger, agitation, or hysteria",emotion,self_description,false,
conniption,20605561093,2010-08-08,"Adding player profiles to our official league website. Welcome to the web, Spank Zappa and Killer Conniption!",108825629,"fit of anger, agitation, or hysteria",emotion,commenting,false,
conniption,20609498512,2010-08-08,@Akileese I'm still bitter about Sony fanboy qirex probating me for a mild anti-Sony post and the guy who had a conniption fit @ me got nada,23887518,"fit of anger, agitation, or hysteria",emotion,self_description,false,
conniption,20613741168,2010-08-08,"U&gt; Conniption... Our goal is to be the biggest band in the universe since Wyld Stallions! Our debut album-demo ""A Method to http://j29af.tk",42274981,"fit of anger, agitation, or hysteria",emotion,commenting,false,
conniption,20616338947,2010-08-08,"this is not racist this the the truth, if she was white Nancy Grace would have had a conniption! & where the f*ck is the NAACP now?",16195432,"fit of anger, agitation, or hysteria",emotion,commenting,false,
conniption,20646283118,2010-08-08,"@Lulamaybelle Ok, my dog is going to have a conniption if I don't take him out. I'll come up with more book suggestions!",22857538,"fit of anger, agitation, or hysteria",emotion,self_description,false,
conniption,20646828965,2010-08-08,@jaymohr37 I'll take the Joe West throwing a conniption fit over!!,65675070,"fit of anger, agitation, or hysteria",emotion,self_description,false,
conniption,20648387476,2010-08-08,Conniption time! I just saw a cockroach and now I'm shaking. Omgggg,15165118,"fit of anger, agitation, or hysteria",emotion,self_description,false,Immediate first-person state report.
conniption,20649705189,2010-08-08,@Qatami It's becoming a problem. When Walt or Brian are on instead I have a conniption.,126947131,"fit of anger, agitation, or hysteria",emotion,self_description,false,
conniption,20652004919,2010-08-08,"@einfeldt However, something is definitely having a conniption copying all that data at one shot (my guess has to do w/183MB file xfer)",14152035,"fit of anger, agitation, or hysteria",emotion,commenting,false,
conniption,20652645092,2010-08-08,"@YoItsVermi I agree. Plus she looks like a boy magnet, which will send James into many conniption fits.",44529320,"fit of anger, agitation, or hysteria",emotion,self_description,false,
conniption,20653075660,2010-08-08,"Plethora of crazies in the library today.  We are out of bags, which causes conniption among the gluttonous.",21717278,"fit of anger, agitation, or hysteria",emotion,commenting,false,
conniption,20655342564,2010-08-08,In Zara's having a conniption.,19600939,"fit of anger, agitation, or hysteria",emotion,commenting,false,
conniption,20660594809,2010-08-08,@Sumsahra haha . all my better clothes fit . or i'm having a conniption . lmaooo .,125834837,"fit of anger, agitation, or hysteria",emotion,humor,true,
conniption,20661161466,2010-08-08,"Wow, there's now like four theme parks in the UK that I want to go to. @MsNixxy is going to have a conniption!",17014381,"fit of anger, agitation, or hysteria",emotion,self_description,false,
conniption,21281315307,2010-08-16,"@shloof Brent had a conniption at the insanity of even trying to compare the two (on Facebook, where I reposted the question)",14124584,"fit of anger, agitation, or hysteria",emotion,commenting,false,
conniption,21282957450,2010-08-16,I almost had a conniption...thought i had a DM from @chrisbrown but i forgot i jus set his tweets to come to my phone...#totalfail,66211849,"fit of anger, agitation, or hysteria",emotion,commenting,false,
conniption,21286928143,2010-08-16,"@HeyyyAli For real, and they act all stupid and they have a freaking conniption over meat being on their potato! GAAAAAAAAAAAH!",47191845,"fit of anger, agitation, or hysteria",emotion,self_description,false,
conniption,21292363500,2010-08-16,@genderbitch Ah it wasn't important.  Just something I was having a conniption over.,11137282,"fit of anger, agitation, or hysteria",emotion,self_description,false,
conniption,21326426195,2010-08-16,Queens all over the world are having conniption fits over this,48926980,"fit of anger, agitation, or hysteria",emotion,self_description,false,
conniption,21335352405,2010-08-16,The Yahoo! Web Style Guide has been launched.  My copy editing prof will have a conniption.  http://bit.ly/bXwhwr via @kerribirtch,11025832,"fit of anger, agitation, or hysteria",emotion,commenting,false,Commentary-with-link rather than neutral article sharing.
conniption,21335846705,2010-08-16,RT @DoctorJones: The Yahoo! Web Style Guide has been launched.  My copy editing prof will have a conniption.  http://bit.ly/bXwhwr via @ ...,26181066,"fit of anger, agitation, or hysteria",emotion,article_sharing,false,
conniption,21345406081,2010-08-16,guys having a conniption over qdoba being closed for 24 hours. priorities.,90120973,"fit of anger, agitation, or hysteria",emotion,self_description,false,
conniption,21347713732,2010-08-16,@theHeartquake I'm SURE SHE DID. HOWHOW HOW DID YOU MANAGE THIS. I need to  see her and have my own conniption!,19246527,"fit of anger, agitation, or hysteria",emotion,commenting,false,
conniption,21356858528,2010-08-17,Prince jus had a conniption cuz i put his collar & leach on him =( my baby dont like it at all he gotta get used 2 it,134925262,"fit of anger, agitation, or hysteria",emotion,commenting,false,
conniption,21361905652,2010-08-17,"@Ella_G904 'caniption' could be conniption, caption, conniptions, Carnation, carnation, condition, conception or Capetian.",38113411,"fit of anger, agitation, or hysteria",emotion,commenting,false,
conniption,21361925679,2010-08-17,@Ella_G904 conniption...in case you wanted to know lol.,111194320,"fit of anger, agitation, or hysteria",emotion,humor,false,
conniption,21364948123,2010-08-17,@chadfu how do deal with that kinda traffic? Good grief! I got stuck at a train for 45 seconds today and nearly had a conniption fit!,43562525,"fit of anger, agitation, or hysteria",emotion,self_description,false,
conniption,21373185262,2010-08-17,Zombie Invasion 2 HD by Conniption Entertainment is now on sale for $1.99 (it was $3.99) http://appstore.appadvice.com/link/381770235,50492730,"fit of anger, agitation, or hysteria",emotion,commenting,false,
conniption,21374726407,2010-08-17,@AfricanKiss I was about to have a conniption!!!,52930946,"fit of anger, agitation, or hysteria",emotion,self_description,false,
conniption,21375046941,2010-08-17,Conniption (sp) how u spell that? My mom said I ask how to spell words people don't usually use,52930946,"fit of anger, agitation, or hysteria",emotion,commenting,false,
conniption,21397384964,2010-08-17,@chrisrdonoghue they are the ones with a conniption-related paralysis of the face,93896144,"fit of anger, agitation, or hysteria",emotion,commenting,false,
conniption,21407753592,2010-08-17,If my mom don't stop rubbing them dry ass feet on tha door behind my head Ima have a conniption #RoadTrip,66561200,"fit of anger, agitation, or hysteria",emotion,self_description,false,
conniption,21409682806,2010-08-17,Feels as though I will have a conniption today,26334655,"fit of anger, agitation, or hysteria",emotion,self_description,false,
conniption,22016277950,2010-08-24,Y did the bus jus go another way? Omg the bus driver doesnt kno which way to go.. IM ABOUT TO HAVE A CONNIPTION!!! Poor ppl who jus miss ...,131290979,"fit of anger, agitation, or hysteria",emotion,self_description,false,
conniption,22016844673,2010-08-24,|* Conniption... Our goal is to be the biggest band in the universe since Wyld Stallions! Our debut album-demo... http://buzzup.com/12b3u_,136154249,"fit of anger, agitation, or hysteria",emotion,commenting,false,
conniption,22017132888,2010-08-24,RT @FrumForum: The GOP Drops the Fight Against Gay Rights: The religious right may be having a conniption about gay marriage... http://b ...,18023287,"fit of anger, agitation, or hysteria",emotion,commenting,false,
conniption,22017814543,2010-08-24,"@johndunagan Huh ? Danielle is aiming right at ... Bermuda - nowhere near #swfl Phew, I almost had a conniption :-)",28568859,"fit of anger, agitation, or hysteria",emotion,commenting,false,
conniption,22024279373,2010-08-24,@khal LMAO! I'd like to know what led Keith to mention that or did have a conniption?,16262567,"fit of anger, agitation, or hysteria",emotion,humor,true,
conniption,22026098577,2010-08-24,The Kido is having a conniption fit b/c she can't find suitable clothes to wear to gymnastics. *facepalm*,139814708,"fit of anger, agitation, or hysteria",emotion,self_description,false,
conniption,22028995774,2010-08-24,PJ Nanny had a conniption when her nephew plugged her Mac SE into a network and has never been comfortable since: http://ow.ly/2udy2,20021585,"fit of anger, agitation, or hysteria",emotion,commenting,false,
conniption,22032167893,2010-08-24,@iam2EpiK  lmfao a CA-NIP- SHIT really .. u sure u didnt want to have a conniption... ?,14290536,"fit of anger, agitation, or hysteria",emotion,self_description,false,
conniption,22043759003,2010-08-25,@jaydeflix if I don't behave myself on twitter @SecretStashSalt will have a conniption and quite the pr headache... Restrained.,28512743,"fit of anger, agitation, or hysteria",emotion,self_description,false,
conniption,22052015241,2010-08-25,There's a fly in here; I'm about to have a conniption fit. -_-,94279820,"fit of anger, agitation, or hysteria",emotion,self_description,false,
conniption,22299589357,2010-08-27,Just about had a conniption.  Read this.  It's true.  http://www.eyeweekly.com/city/features/article/55882,93556682,"fit of anger, agitation, or hysteria",emotion,commenting,false,
conniption,22301388113,2010-08-27,@inkhaven verging on conniption fit…,15266464,"fit of anger, agitation, or hysteria",emotion,self_description,false,
conniption,22303702513,2010-08-27,"@taylorxheart it better be, or imma have some kinda conniption o__o",168018105,"fit of anger, agitation, or hysteria",emotion,commenting,false,
conniption,22315416829,2010-08-28,"@witchelicious uploaded, but I am having a conniption trying to figure out how to get the damn site up and running.",30121448,"fit of anger, agitation, or hysteria",emotion,self_description,false,
conniption,22316525670,2010-08-28,"I'm over here having a conniption.  Begging the stupid computer screen for one more out, in some kinda monster voice for some reason.  #mets",27767787,"fit of anger, agitation, or hysteria",emotion,commenting,false,
conniption,22320484875,2010-08-28,if i don't get it in sometime soon I'm gonna have a fucking conniption....whether you like It or not :-( @Ralph_Alpha #imjustsaying,99029025,"fit of anger, agitation, or hysteria",emotion,commenting,false,
conniption,22343947223,2010-08-28,"@jgrigs79 IDK about arcade games but Folsom Street I'll def check out! Although, I feel like my Midwestern values will have a conniption!",15175789,"fit of anger, agitation, or hysteria",emotion,self_description,false,
conniption,22370088935,2010-08-28,"@alexlovesaudio I'd have a conniption, lmao. Fuck the man and your horrible fucking boss. Supports my theory: when in doubt, call in :)",14975545,"fit of anger, agitation, or hysteria",emotion,humor,true,
conniption,22750673078,2010-09-01,@Weezer_Beth I wasn't about to have a fit. These fuckers owe me money. I'm finna have a conniption,29569061,"fit of anger, agitation, or hysteria",emotion,self_description,false,
conniption,22750743105,2010-09-01,.@Weezer_Beth Conniption sounds like it should be related to religion or something. Like he met the Holy Ghost and had a conniption.,29569061,"fit of anger, agitation, or hysteria",emotion,commenting,false,
conniption,22770288972,2010-09-02,"I think if I knew for sure my family wouldn't have a conniption, I'd be atheist by now",106497798,"fit of anger, agitation, or hysteria",emotion,self_description,false,
conniption,22786640581,2010-09-02,i just used the word conniption. Ha. Good times,73289539,"fit of anger, agitation, or hysteria",emotion,commenting,false,
conniption,22815765798,2010-09-02,"@the_WhipAppeal the dance/cheerleading coach told my son he should be a cheerleader cuz he flexible, I had a conniption",19303691,"fit of anger, agitation, or hysteria",emotion,commenting,false,
conniption,22816460579,2010-09-02,@D_Legend lol @ChandraMiller was having a conniption in the car already!! You didn't want her head to start spinning.,26875148,"fit of anger, agitation, or hysteria",emotion,humor,false,
conniption,22824235685,2010-09-02,@MzVixion LMAO girl i wish i was serious...im bout to have a conniption lol,157359631,"fit of anger, agitation, or hysteria",emotion,humor,true,
conniption,22827878019,2010-09-02,I hate the teachers who like have a conniption when there are the frizzies on the side of paper when u rip it out of a notebook.,106965052,"fit of anger, agitation, or hysteria",emotion,self_description,false,
conniption,22836732334,2010-09-02,Apparently the Swype conniption is over now,53828279,"fit of anger, agitation, or hysteria",emotion,commenting,false,
conniption,22838864872,2010-09-02,@stayrusted :O! tumblrstalkr lied to me. they gave me a false conniption! :(,43687410,"fit of anger, agitation, or hysteria",emotion,commenting,false,
conniption,24116837346,2010-09-10,» Diabetes and Home Improvement - DiabetesMine: the all things ...: You about have a conniption fit when you reali... http://bit.ly/bkit5m,93279242,"fit of anger, agitation, or hysteria",emotion,article_sharing,false,
conniption,24129815492,2010-09-10,"Nissan ad prompts @dailydish Smug Alert, Copyranter conniption: Polar bear crosses oceans to hug Leaf EV driver. Ugh. http://bit.ly/9zlodv",82969145,"fit of anger, agitation, or hysteria",emotion,article_sharing,false,
conniption,24131186862,2010-09-10,Smug Alert - Copyranter has a conniption: Dying polar bear travels thousands of miles to thank man for buying an  http://ow.ly/18XaZu,80112983,"fit of anger, agitation, or hysteria",emotion,commenting,false,
conniption,24132323390,2010-09-10,effing robots... between RTs and mock replies on twitter and dummy blogs reposting others I'm gonna have a conniption,14325124,"fit of anger, agitation, or hysteria",emotion,self_description,false,
conniption,24133213275,2010-09-10,» Diabetes and Home Improvement - DiabetesMine: the all things ...: You about have a conniption fit when you reali... http://bit.ly/cfrJvb,128285826,"fit of anger, agitation, or hysteria",emotion,article_sharing,false,
conniption,24141077863,2010-09-10,"@BrianR0ss you sir, are correct! Robbie was going to have a conniption fit if we didn't go",21545683,"fit of anger, agitation, or hysteria",emotion,self_description,false,
conniption,24142732045,2010-09-10,I came back despite the conniption because davina is the star. #ubb,31156349,"fit of anger, agitation, or hysteria",emotion,commenting,false,
conniption,24145336325,2010-09-10,@JJUICEE yo friend gone make me have a conniption,24448091,"fit of anger, agitation, or hysteria",emotion,self_description,false,
conniption,24151170363,2010-09-11,@DoubleOSergo Wow #Marshall is putting it to #WVU hardcore. My roomie is having a conniption. All I hear is #LetsGoMountaineers,115092521,"fit of anger, agitation, or hysteria",emotion,commenting,false,
conniption,24153019299,2010-09-11,» Diabetes and Home Improvement – DiabetesMine: the all things ...: You about have a conniption fit when ... http://bit.ly/dfhTIP home care,168510762,"fit of anger, agitation, or hysteria",emotion,article_sharing,false,
conniption,25042363508,2010-09-20,"@HPKLife @CharlieAndyFitz and to warm-up, Drew will be discussing the trustworthiness of ESPN 360 during a Razorbacks game #conniption",18227504,"fit of anger, agitation, or hysteria",emotion,commenting,false,
conniption,25053529301,2010-09-20,"Only a Southerner knows the difference between a hissie fit and a conniption fit, and that you don't ""HAVE"" them,you ""PITCH"" them.",53379028,"fit of anger, agitation, or hysteria",emotion,self_description,false,
conniption,25059561550,2010-09-20,"The Bangles hit, ""Walk like an Egyptian"" was originally, ""Don't Have a Conniption"", but the dance that went with it was too awkward.",157453290,"fit of anger, agitation, or hysteria",emotion,self_description,false,
conniption,25060862760,2010-09-20,I swear I juss stepped in spit...let. the conniption ensue!,45442892,"fit of anger, agitation, or hysteria",emotion,commenting,false,
conniption,25060941457,2010-09-20,"RT @Zen_Bubba: The Bangles hit, ""Walk like an Egyptian"" was originally, ""Don't Have a Conniption"", but the dance that went with it was t ...",19720671,"fit of anger, agitation, or hysteria",emotion,self_description,false,
conniption,25063695166,2010-09-20,"""What a conundrum! I'm gunna to have a conniption and blow things to smithereens for people being so persnickety about my vernacular.""",20198394,"fit of anger, agitation, or hysteria",emotion,self_description,false,
conniption,25065879616,2010-09-20,Told my mom I was putting the family recipes into book form and she almost had a conniption. Told me I better lock it away lol,24743195,"fit of anger, agitation, or hysteria",emotion,humor,false,
conniption,25069869684,2010-09-20,Do you know the difference between a hissy fit and a conniption fit? Leighsellsavon answer: http://www.formask.com/leighsellsavon/q/261356,140805870,"fit of anger, agitation, or hysteria",emotion,self_description,false,
conniption,25070628902,2010-09-21,"Only a Southerner knows the difference between a hissie fit and a conniption fit, and that you don't ""HAVE"" them, you ""PITCH"" them.",24230870,"fit of anger, agitation, or hysteria",emotion,self_description,false,
conniption,25076881575,2010-09-21,"#Menu description conniption http://gu.com/p/2jg3q/tw I love this every time I read it, when was it first published? #restaurant",75432614,"fit of anger, agitation, or hysteria",emotion,commenting,false,
conniption,25986207817,2010-09-30,I need breakfast before I have a conniption!,19001177,"fit of anger, agitation, or hysteria",emotion,self_description,false,
conniption,25986391299,2010-09-30,....ROTFL @ the word 'conniption'! That just made my whole day. I bid you adieu.,19001177,"fit of anger, agitation, or hysteria",emotion,commenting,false,
conniption,25992413893,2010-09-30,@Da_Drobat well hurry up and get that shit im all out...im having a conniption here i need birthday buds lol,196190744,"fit of anger, agitation, or hysteria",emotion,humor,false,
conniption,25995623001,2010-09-30,I'm about to have a conniption,24448091,"fit of anger, agitation, or hysteria",emotion,self_description,false,
conniption,26006466250,2010-09-30,"About to have a minor conniption. Don't mind me, I'll be the one in the corner gibbering madly and foaming at the mouth. #fb",8026012,"fit of anger, agitation, or hysteria",emotion,self_description,false,
conniption,26007908932,2010-09-30,"@wildbill I love that you use the word ""conniption.""  It's a great word.",6603512,"fit of anger, agitation, or hysteria",emotion,commenting,false,
conniption,26016234536,2010-09-30,@iansomerhalder You have no idea what kind of conniption me @saucyADAM & @GlitterSkies get into when we watch VD You are an amazing actor &lt;3,139465972,"fit of anger, agitation, or hysteria",emotion,commenting,false,
conniption,26016425612,2010-09-30,@paperdreamland  CONNIPTION!? YESSS. LOVE IT.,134931972,"fit of anger, agitation, or hysteria",emotion,commenting,false,
conniption,26020966122,2010-09-30,I think Erin might be trying to make me have a conniption.,9419522,"fit of anger, agitation, or hysteria",emotion,self_description,false,
conniption,26022048031,2010-09-30,RT @paperdreamland: @iansomerhalder You have no idea what kind of conniption me @saucyADAM & @GlitterSkies get into when we watch VD You ...,65384975,"fit of anger, agitation, or hysteria",emotion,commenting,false,
conniption,26452894510,2010-10-05,Amyloo | A market-based poll I can trust: the Tea Party is pretty much about a conniption over Obama | http://bit.ly/bMzMQ5 (via @Amyloo),13413,"fit of anger, agitation, or hysteria",emotion,article_sharing,false,
conniption,26463518371,2010-10-05,Doode ii threw my first conniption fit this morning ii cuud not breathe:/,58264569,"fit of anger, agitation, or hysteria",emotion,self_description,false,
conniption,26471241888,2010-10-05,"Now i'm gonna go back to my building, write my papers and order some stuff offline so @GrindHard_Roz can have a conniption",46237668,"fit of anger, agitation, or hysteria",emotion,self_description,false,
conniption,26474183984,2010-10-05,@notmygrommet gotta go to the fucking plotter because an overweight IT ZZtop is gonna have a conniption. today i hate my job more so.,60685227,"fit of anger, agitation, or hysteria",emotion,self_description,false,
conniption,26475556502,2010-10-05,@MissCaseyD that's sad I think Kayla nearly had a conniption (is that a word) when I was gone,174930501,"fit of anger, agitation, or hysteria",emotion,commenting,false,
conniption,26483194258,2010-10-05,Omg me too!!! I'm having a conniption back here RT @Lonii_Love: #STARVING,33381198,"fit of anger, agitation, or hysteria",emotion,self_description,false,
conniption,26508052611,2010-10-06,Thank god the ticket got sold @angelicauribe almost had a conniption lol,25714600,"fit of anger, agitation, or hysteria",emotion,humor,false,
conniption,26514379902,2010-10-06,"@Cig_Nificant Oh nvmmm, I was having a conniption about life earlier.",94279820,"fit of anger, agitation, or hysteria",emotion,commenting,false,
conniption,26518057209,2010-10-06,Can't believe people at the NCAA aren't having a conniption about a D-IA team possibly adopting a mascot based on a brand of lager.,9749012,"fit of anger, agitation, or hysteria",emotion,commenting,false,
conniption,26522850226,2010-10-06,Fuck. Facebook is having a conniption right now. I wanted to update something at #NYC2600 before I go to bed. :(,6562332,"fit of anger, agitation, or hysteria",emotion,commenting,false,
conniption,27064450033,2010-10-11,@russrenshaw looks like they're having conniption fits.,62089244,"fit of anger, agitation, or hysteria",emotion,self_description,false,
conniption,27069377313,2010-10-11,"Brother says, ""Ooooooh boxed wine."" and has a conniption fit in the kitchen.",17762924,"fit of anger, agitation, or hysteria",emotion,self_description,false,
conniption,27076903265,2010-10-11,Omg my roommate having a conniption/tirade. That's so fuckin' gay. Like what man bitches out loud? Fag.,36157238,"fit of anger, agitation, or hysteria",emotion,commenting,false,
conniption,27077461277,2010-10-11,"Going to have a conniption if the @BCLions don't stop taking penalties. C'mon, Boys! Win this thing!",144642681,"fit of anger, agitation, or hysteria",emotion,self_description,false,
conniption,27090793097,2010-10-12,@LaaddyV im guna have a conniption fit..,108353332,"fit of anger, agitation, or hysteria",emotion,self_description,false,
conniption,27090810774,2010-10-12,My @valenciamusic cd preorder hasnt even been processed yet & def not shipped & won't be here tomorrow  CONSIDER THIS A CONNIPTION SHIT FIT.,16470342,"fit of anger, agitation, or hysteria",emotion,commenting,false,
conniption,27094763880,2010-10-12,#twitterupdatedcliches She's having a conniption tweet,49080726,"fit of anger, agitation, or hysteria",emotion,commenting,false,
conniption,27099631502,2010-10-12,She's having a conniption about a gatdamn plant?!?! #facepalm #hoarders,177826018,"fit of anger, agitation, or hysteria",emotion,commenting,false,
conniption,27108220976,2010-10-12,lolllll @sqweegy is over here havin a conniption bout these special team runs lol #MNF,50679435,"fit of anger, agitation, or hysteria",emotion,humor,false,
conniption,27124882516,2010-10-12,@AceROKK10 im weak...my tl is filled w/nothing but ur baffoonery & conniption fits.,38746724,"fit of anger, agitation, or hysteria",emotion,self_description,false,
conniption,27156373056,2010-10-12,@DDubs_Mayhem having a conniption? who's ass is about to get kicked and will my foot make it all the way to Austrailia to kick it? :),28562223,"fit of anger, agitation, or hysteria",emotion,commenting,false,
conniption,27156474025,2010-10-12,@GypsyLullaby7 yes having a conniption! God I love that word lol. Yes please may I employ your foot for ass kicking purposes :D,36087492,"fit of anger, agitation, or hysteria",emotion,humor,false,
conniption,27415375727,2010-10-15,"happy bday to @chef_keller, whose bouchon i love and whom i adore simply bcs his pommes frites give bourdain a jealous conniption fit!",96613453,"fit of anger, agitation, or hysteria",emotion,self_description,false,
conniption,27423558076,2010-10-15,"@Lizizzz BZUH?! Dude, that SUCKS!! I would have a conniption if I couldn't perve on Jiffy Pop and his hats. Really. Boo, England! :(",16496609,"fit of anger, agitation, or hysteria",emotion,self_description,false,
conniption,27455465224,2010-10-15,"Pimpin' out my blog.  It's about condoms today 'cause, yeah, I'm cool like that.  http://www.tattietats.com/2010/10/condom-conniption.html",60641090,"fit of anger, agitation, or hysteria",emotion,commenting,false,
conniption,27464701519,2010-10-15,@newPORSHnomiles oh...whew... almost had a conniption fit shawty lol,49310819,"fit of anger, agitation, or hysteria",emotion,humor,false,
conniption,27468338015,2010-10-15,If @justinbieber ever cut his hair.. every girl in the world would have a conniption. I don't know what that is but it sounds serious.,174100197,"fit of anger, agitation, or hysteria",emotion,self_description,false,
conniption,27470926236,2010-10-15,"RT @Dobale: @kjcolema1 hahahahaha, can i scratch your hairy fat booty then ?«What's your conniption man?",24683651,"fit of anger, agitation, or hysteria",emotion,humor,true,
conniption,27477468452,2010-10-15,Idk why but I am feigning for taco bell!!!! I'm about to have a conniption fit really soon if I don't get it either!!!,28085620,"fit of anger, agitation, or hysteria",emotion,self_description,false,
conniption,27480673312,2010-10-15,@TheBagelMan1903 I think it was tranquilized. I wouldve had a conniption.,38542828,"fit of anger, agitation, or hysteria",emotion,commenting,false,
conniption,27674020415,2010-10-17,"@TaraBNYC if they're still pulling this crap when #glee is on, I will have a conniption. #cablevision #fail",14975777,"fit of anger, agitation, or hysteria",emotion,self_description,false,
conniption,27692870122,2010-10-18,@ClaySupremeII lmaoo smh I had a conniption wen I saw it,31642789,"fit of anger, agitation, or hysteria",emotion,humor,true,
conniption,27697785982,2010-10-18,"its like you can hear the city scream with joy.  oh wait, thats just my upstairs neighbor having a conniption fit...",6623822,"fit of anger, agitation, or hysteria",emotion,self_description,false,
conniption,27697884548,2010-10-18,@Ambitious_Girl0 leci bro im bouta have a conniption fit,125867842,"fit of anger, agitation, or hysteria",emotion,self_description,false,
conniption,27701395214,2010-10-18,"..if i wake up in the morning and the ac is on, ima have a conniption. #thatisall",87580505,"fit of anger, agitation, or hysteria",emotion,self_description,false,
conniption,27702014184,2010-10-18,How Megan dealt with the spilt milkshake clenched it- Don was like-woah! You don't have to have a conniption? Not like Betty! #MadMen,14127518,"fit of anger, agitation, or hysteria",emotion,self_description,false,
conniption,27702966009,2010-10-18,If I have one more muscle spasm I am going to have a full blown conniption fit.,145643032,"fit of anger, agitation, or hysteria",emotion,self_description,false,
conniption,27761419328,2010-10-18,"@kwokleberry I like the idea of a nerd having a conniption fit over a mislabeled ""gluten free"" dish. ""It gives me gas sir!""",26233,"fit of anger, agitation, or hysteria",emotion,self_description,false,
conniption,27763422853,2010-10-18,The One With Couwy's Conniption,44127590,"fit of anger, agitation, or hysteria",emotion,commenting,false,
conniption,27808420167,2010-10-19,@Kmob10_16 yea. I did. I havent opened the attachment yet cuz my pooter is havin a conniption :(,71139932,"fit of anger, agitation, or hysteria",emotion,commenting,false,
conniption,27820188498,2010-10-19,Don Draper's secretary? Upgrade! Thought poor Betty might have a conniption in that kitchen.,12763942,"fit of anger, agitation, or hysteria",emotion,self_description,false,
conniption,27829142394,2010-10-19,I just had a right conniption playing Lara Croft when I got attacked by a pack of wolves. I'm such a jumpy person.,18457562,"fit of anger, agitation, or hysteria",emotion,commenting,false,
conniption,27835844392,2010-10-19,Id be like honey Im so fucking fine and we're gonna adopt.... #foh dudes wld have a conniption but hey it is what it is...,19303691,"fit of anger, agitation, or hysteria",emotion,self_description,false,
conniption,27840086026,2010-10-19,I'm going to have a conniption.,114096318,"fit of anger, agitation, or hysteria",emotion,self_description,false,
conniption,27844740877,2010-10-19,I just wrote 'pooped' instead of 'popped' in an email. I nearly had a conniption laughing so hard. I need more sleep.,8917202,"fit of anger, agitation, or hysteria",emotion,commenting,false,
conniption,27848331594,2010-10-19,http://bit.ly/bfphYE Gaaaaaaaaaaaaahhh  /conniption,18760959,"fit of anger, agitation, or hysteria",emotion,reaction,false,Primarily an exclamatory reaction with a link attached.
conniption,27848760548,2010-10-19,Almost had a conniption fit,125867842,"fit of anger, agitation, or hysteria",emotion,self_description,false,
conniption,27854361011,2010-10-19,All I know is SVU better hurry up and come on before I have a conniption,28670676,"fit of anger, agitation, or hysteria",emotion,self_description,false,
conniption,27855728474,2010-10-19,"and the word of the day is... ""conniption"" pronunciation: \kə-ˈnip-shən\",9817022,"fit of anger, agitation, or hysteria",emotion,commenting,false,
conniption,28512455163,2010-10-23,In about 6 months @fadereu will have a conniption fit and unfollow you so don't get excited.,84689347,"fit of anger, agitation, or hysteria",emotion,self_description,false,
conniption,28512544209,2010-10-23,RT @thesatyrswife: In about 6 months @fadereu will have a conniption fit and unfollow you so don't get excited.,785766,"fit of anger, agitation, or hysteria",emotion,self_description,false,
conniption,28513295661,2010-10-23,@thesatyrswife Wonderful. What is a conniption? @fadereu,126613276,"fit of anger, agitation, or hysteria",emotion,commenting,false,
conniption,28530378943,2010-10-23,@CrookedCarla I'm going to have a freaking conniption...,23563480,"fit of anger, agitation, or hysteria",emotion,commenting,false,
conniption,28530770891,2010-10-23,This is the worst time for twitpic to have a conniption with accepting mobile uploads; I have things to say with pictures. IMPORTANT things.,111531036,"fit of anger, agitation, or hysteria",emotion,self_description,false,
conniption,28531864082,2010-10-23,@whitneyhudson is having a conniption (sp?),66211849,"fit of anger, agitation, or hysteria",emotion,commenting,false,
conniption,28531934255,2010-10-23,@ItsAshleyRene My owl sense tells me that 'conniption' is the right spelling!,38113411,"fit of anger, agitation, or hysteria",emotion,commenting,false,
conniption,28539624911,2010-10-23,Walking back from the game almost gave me a conniption,118519893,"fit of anger, agitation, or hysteria",emotion,commenting,false,
conniption,28553947129,2010-10-24,I think I'm fixing to have a conniption fit. Come on Phillies!,102825438,"fit of anger, agitation, or hysteria",emotion,self_description,false,
conniption,28555413187,2010-10-24,Twitter! I am having a conniption over here.,15930562,"fit of anger, agitation, or hysteria",emotion,self_description,false,
conniption,29592425474,2010-11-03,"By that time you have laughed and the CONNIPTION is over because you want chocolate cake!
Mr. Cosby you are the greatest!",96882214,"fit of anger, agitation, or hysteria",emotion,commenting,false,
conniption,29620355667,2010-11-04,"@braker1nine No but Dr. Abidi did, and he might have a conniption",23819096,"fit of anger, agitation, or hysteria",emotion,self_description,false,
conniption,29627901903,2010-11-04,if they legalized marijuana I guarentee @mrfresh420 would have a conniption,40170037,"fit of anger, agitation, or hysteria",emotion,self_description,false,
conniption,29633674373,2010-11-04,@CorleoneAshley you just saying that cuz you have one! lol im having a conniption.!!,145263023,"fit of anger, agitation, or hysteria",emotion,humor,false,
conniption,29635331015,2010-11-04,im warning u all. i will have a conniption if Taycob really goes to Rio. RT @TwiFans More news: Breaking Dawn in Brazil http://dlvr.it/801YQ,20098206,"fit of anger, agitation, or hysteria",emotion,self_description,false,
conniption,29635427301,2010-11-04,that boy has no business there! @tinkrbe1l3 im warning u all. i will have a conniption if Taycob really goes to (cont) http://tl.gd/6q2krg,17552211,"fit of anger, agitation, or hysteria",emotion,self_description,false,
conniption,29637490845,2010-11-04,Photo: One computer out of 2 working. My face looks like my new background after 2days of conniption fits. It... http://tumblr.com/xxmof3pcd,14263680,"fit of anger, agitation, or hysteria",emotion,self_description,false,
conniption,29638304206,2010-11-04,If my daddy does not get here w/ this Fabuloso house cleaner .. I'm going to have a conniption or more like a #BitchFit,33231941,"fit of anger, agitation, or hysteria",emotion,self_description,false,
conniption,29638736473,2010-11-04,"Trying to not have a conniption because DirecTV canceled my League Pass yearly subscription without notice. #Woosah, fix tomorrow. #Woosah.",144629417,"fit of anger, agitation, or hysteria",emotion,self_description,false,
conniption,2764335688454144,2010-11-11,not only do I hate tweeting from the PC..I have no Bbm for the next 4.5 hours!!! *having a conniption* !!!!!,210307838,"fit of anger, agitation, or hysteria",emotion,commenting,false,
conniption,2804068548345857,2010-11-11,Better get to my cell before someone has a conniption.,14151376,"fit of anger, agitation, or hysteria",emotion,commenting,false,
conniption,2808843629232128,2010-11-11,@ErinAndrews My point is...now everyone wants to have a conniption because Brandy's fans are angry. I think they're a little testy because..,142687586,"fit of anger, agitation, or hysteria",emotion,self_description,false,
conniption,2834695616204801,2010-11-11,Man I gotta research n read now smh lol... Jk Huey don't have a conniption,63115564,"fit of anger, agitation, or hysteria",emotion,humor,false,
conniption,2849366310133760,2010-11-11,How's the conniption fit going?  @FeroushaCoutora,122198742,"fit of anger, agitation, or hysteria",emotion,self_description,false,
conniption,2872754512596992,2010-11-11,FUCKKKKKKKKKK!!!!!!!im about to have a conniption,157359631,"fit of anger, agitation, or hysteria",emotion,self_description,false,
conniption,2879339272077313,2010-11-12,"""this is just a conspiracy to bring the 80's back. I swear if I see someone wearing fluorescent clothing, I'll have a damn conniption""",14358521,"fit of anger, agitation, or hysteria",emotion,commenting,false,
conniption,2895747104112642,2010-11-12,Mya Bouta Have A conniption,145877174,"fit of anger, agitation, or hysteria",emotion,self_description,false,
conniption,2907229690789888,2010-11-12,"#winechat If you see errors on the http://www.winechanneltv.com/winechat page, apologies - Twitter is giving me conniption fits tonight!!",14228300,"fit of anger, agitation, or hysteria",emotion,self_description,false,
conniption,2907423169843200,2010-11-12,He nearly had a conniption when Joe & Barbie had a double date in his Millennium Falcon replica.,49353537,"fit of anger, agitation, or hysteria",emotion,commenting,false,
conniption,6561385324482560,2010-11-22,But if I brought home some travis barker looking type dude my mom would have a conniption,98544046,"fit of anger, agitation, or hysteria",emotion,self_description,false,
conniption,6562697738977280,2010-11-22,@yankeegirl51680 I think Esper would have a conniption if Snooki came to the show. Like a good kind. XD,7774692,"fit of anger, agitation, or hysteria",emotion,humor,true,
conniption,6603974215995392,2010-11-22,seriously having a conniption. fringe needs to bring olivia back like yesterday.,763683,"fit of anger, agitation, or hysteria",emotion,commenting,false,
conniption,6635812980527104,2010-11-22,@zizwe @verosquerronero charmin is soooo soft!They shouldn't have changed the name.3-ply forever!(Trevor Noah's uncle wld have a conniption),33641843,"fit of anger, agitation, or hysteria",emotion,self_description,false,
conniption,6719486098931712,2010-11-22,or ima hav a conniption on dhat stage.,99530320,"fit of anger, agitation, or hysteria",emotion,commenting,false,
conniption,6726736230227968,2010-11-22,@markybar i made a little bit of fun of those having a conniption cause she didnt win. lol && I hated HEAVILY on BEP && Beiber. haha.,15098864,"fit of anger, agitation, or hysteria",emotion,humor,true,
conniption,6727494581358592,2010-11-22,"@hughbon A most fetching hem indeed, scandalously high though; I feel sure her grandmother would have a conniption were she to see it.",118160318,"fit of anger, agitation, or hysteria",emotion,self_description,false,
conniption,6728335874854912,2010-11-22,Boss is having a conniption over threaded texts on his BlackBerry O_o ... Yikes!,20312867,"fit of anger, agitation, or hysteria",emotion,self_description,false,
conniption,6736077494685697,2010-11-22,TOO MUCH WORK TO DO IM GONNA HAVE A CONNIPTION,74019366,"fit of anger, agitation, or hysteria",emotion,self_description,false,
conniption,6767738437509120,2010-11-22,*blech* i wish somebody WOULD try to put some chitlins on my granny stove thursday. Lula Mae would have a conniption!,95592654,"fit of anger, agitation, or hysteria",emotion,self_description,false,
conniption,6815630967701505,2010-11-22,"My phone battery is dying and my charger all of a sudden doesn't work and oh my God, I'm having a conniption.",19097625,"fit of anger, agitation, or hysteria",emotion,self_description,false,
conniption,6818983210655746,2010-11-22,@amalpaca OKAY. I JUST WANTED TO MAKE SURE YOU WEREN'T HAVING A CONNIPTION.,21333031,"fit of anger, agitation, or hysteria",emotion,commenting,false,
conniption,6835844602134528,2010-11-22,@chaosagent23 Oh yeah. She'll have a conniption. Get camera ready!,50666280,"fit of anger, agitation, or hysteria",emotion,self_description,false,
conniption,6870701642354688,2010-11-23,"@jearle Mine is periodically having conniption fits this evening, even with the me.com part included. Maybe everyone trying find my iphone?",6806292,"fit of anger, agitation, or hysteria",emotion,self_description,false,
conniption,6880120308498432,2010-11-23,'nikki' minaj is trending? can somebody please spell her name right before i have a conniption?,82490494,"fit of anger, agitation, or hysteria",emotion,self_description,false,
conniption,6898937919180800,2010-11-23,@TKOEd it's not an issue. it's a preference. that and I had a conniption when I couldn't find the DM link LOL @MoreAndAgain,763683,"fit of anger, agitation, or hysteria",emotion,humor,false,
conniption,6903033510236160,2010-11-23,@TeaElleJay's account is temporarily unavailable because it violates the Twitter Media Policy. Learn more.,94902684,"fit of anger, agitation, or hysteria",emotion,commenting,false,
conniption,6912845115555840,2010-11-23,I think I just had a conniption fit..... Reba just typed my name. Sorry. My name is not as common as some of yours. I just had a WTF moment,114371405,"fit of anger, agitation, or hysteria",emotion,self_description,false,
conniption,6941352642215937,2010-11-23,cleaning up my messy room before someone has a conniption..,31527835,"fit of anger, agitation, or hysteria",emotion,commenting,false,
conniption,6954439176880129,2010-11-23,all this commotion about the airport xrays is making me laugh. i saw a woman have a conniption fit ha,63873769,"fit of anger, agitation, or hysteria",emotion,self_description,false,
conniption,7876533377040384,2010-11-25,RT @JElvisWeinstein: Today's the 22nd anniv. of MST3K.  Coming up - 22nd anniv. of my Mom's conniption when I dropped out of college to  ...,165643738,"fit of anger, agitation, or hysteria",emotion,commenting,false,
conniption,7931206716891136,2010-11-25,"i took my moms new car to pick up my uncle from work and my mom is having a conniption over it. it really is a baller ride tho, negl",15607689,"fit of anger, agitation, or hysteria",emotion,self_description,false,
conniption,7946473991831552,2010-11-25,"@andurilinhand ""conniption?""  uh oh... brb",215088098,"fit of anger, agitation, or hysteria",emotion,commenting,false,
conniption,7947167230599169,2010-11-26,"@MissusTim re conniption / not quite your best, but very like the leaning tower of Pisa - so very close lol",215088098,"fit of anger, agitation, or hysteria",emotion,humor,false,
conniption,7954359094616064,2010-11-26,I'M BOUT 2 HAVE A CONNIPTION FIT !!!!! AHHHHHHHH,16251972,"fit of anger, agitation, or hysteria",emotion,self_description,false,
conniption,7956790813663232,2010-11-26,"Photo: Just because I’m not having a conniption over the reboot doesn’t mean I don’t agree with this, because... http://tumblr.com/xbvrvke4u",17092605,"fit of anger, agitation, or hysteria",emotion,self_description,false,
conniption,7958351321243648,2010-11-26,Smh I'm happy chris didn't schedule me for 5 45am...I woulda had a conniption,98544046,"fit of anger, agitation, or hysteria",emotion,commenting,false,
conniption,8002784506937344,2010-11-26,My uncle (in Revis jersey) and cousin (in Keller jersey) almost destroyed my mom's tv in a conniption fit of joy. Happy Thanksgiving!,18182716,"fit of anger, agitation, or hysteria",emotion,self_description,false,
conniption,8003198627348482,2010-11-26,"New blog post: Holy Snit Fits, Pat, Man!: Patrick McIlheran is in clear conniption mode when the news came out t... http://bit.ly/g7kD15",55994044,"fit of anger, agitation, or hysteria",emotion,article_sharing,false,
conniption,8016654042669056,2010-11-26,It's snowing. I'm going to have a conniption.,196446968,"fit of anger, agitation, or hysteria",emotion,self_description,false,
conniption,16271486201372672,2010-12-18,"My friend's at CVS. A guy's about 2 have a conniption cause he was told the pharm. was open & he was picking up ""Plan B."" It's closed #whoa",23963105,"fit of anger, agitation, or hysteria",emotion,self_description,false,
conniption,16272093716938752,2010-12-18,"RT @tearsasmith: My friend's at CVS. A guy's about 2 have a conniption cause he was told the pharm. was open & he was picking up ""Plan B ...",30002165,"fit of anger, agitation, or hysteria",emotion,self_description,false,
conniption,16315052701257728,2010-12-19,"@soederpop indeed! My network connections having a conniption at the moment so it's hard to tell, but I think V1 might be a bit buggy.",73986893,"fit of anger, agitation, or hysteria",emotion,commenting,false,
conniption,16360082690281472,2010-12-19,Granted HBO isn't showing each second of every day. But calling a TO to throw a conniption fit isn't exactly coaching. They've got problems.,21003380,"fit of anger, agitation, or hysteria",emotion,self_description,false,
conniption,16380090531184640,2010-12-19,yeah..i missed eric benet tonight..*BIG SIGH* man...I am about to have a conniption combustion.,18820246,"fit of anger, agitation, or hysteria",emotion,self_description,false,
conniption,16393938055204864,2010-12-19,Some of yalls tweets are a little suspect. Ima stop reading my #TL before I have a conniption! Lol,33386034,"fit of anger, agitation, or hysteria",emotion,humor,false,
conniption,16427745374371840,2010-12-19,Don't Have A Conniption Fit Making Your 2011 Marketing Plan And Marketing Calendar http://buz.tw/XK7nd,15446765,"fit of anger, agitation, or hysteria",emotion,article_sharing,false,Linked post title rather than speaker self-description.
conniption,16481986453438464,2010-12-19,i know how to pitch a conniption fit #imfromthesouth,17102309,"fit of anger, agitation, or hysteria",emotion,self_description,false,
conniption,16499088161767424,2010-12-19,@klysha I have a full blown conniption when I see him.,29517870,"fit of anger, agitation, or hysteria",emotion,commenting,false,
conniption,16515766689992704,2010-12-19,"Having a conniption right now,  there's about to be some drama up in this church",80151241,"fit of anger, agitation, or hysteria",emotion,commenting,false,
